tree
version=v4
num_class=1
num_tree_per_iteration=1
label_index=0
max_feature_idx=80
objective=binary sigmoid:1
feature_names=Column_0 Column_1 Column_2 Column_3 Column_4 Column_5 Column_6 Column_7 Column_8 Column_9 Column_10 Column_11 Column_12 Column_13 Column_14 Column_15 Column_16 Column_17 Column_18 Column_19 Column_20 Column_21 Column_22 Column_23 Column_24 Column_25 Column_26 Column_27 Column_28 Column_29 Column_30 Column_31 Column_32 Column_33 Column_34 Column_35 Column_36 Column_37 Column_38 Column_39 Column_40 Column_41 Column_42 Column_43 Column_44 Column_45 Column_46 Column_47 Column_48 Column_49 Column_50 Column_51 Column_52 Column_53 Column_54 Column_55 Column_56 Column_57 Column_58 Column_59 Column_60 Column_61 Column_62 Column_63 Column_64 Column_65 Column_66 Column_67 Column_68 Column_69 Column_70 Column_71 Column_72 Column_73 Column_74 Column_75 Column_76 Column_77 Column_78 Column_79 Column_80
feature_infos=[-0.09594472724081804:0.081413857580264093] [-0.14233852006053205:0.11858603985934835] [-0.20311509179762943:0.16377076363828103] [-0.25710772816568728:0.24051604619415556] [-0.34726246258157545:0.25805691321464863] [0.1065446346116299:6.650127681859912] [-3.5687635736360153:5.2368555812619331] [0:5.32162928543561] [0:3.5189372655222892] [0:1] [-2.6489246606163466:3.3777293826954171] [-4.1328469889790469:4.8073154368741138] [-4.8846938316462145:6.0624750884575471] [-6.5044192648517623:8.239688924781909] [-8.7782836205220143:9.4844933887724121] [-12.306640994372374:13.964994062286149] [-3.675451428927218:3.334447410261868] [-9.7012177214939737:10.444579744354767] [-2.3254869262813251:2.2651047918206033] [-2.4056400826381714:2.2190415574034597] [-0.67503384443959424:0.88904393494678036] [-0.26370407450334571:0.32336793340468484] [0:1] [0:1] [0:1] [0:1] [0:1] [0:1] [0:1] [-0.89261881652431929:0.85204267289876578] [0:1] [0:1] [0:1] [0:1] [-2.3892826574129273:4.2265956164097087] [0.14881049905835395:8.6884887768092955] [-0.80672364996421553:0.94954462624095826] [-0.40281498143718042:0.46476362122147097] [-0.86464053615219194:0.92387520298489201] [0.25593842848248571:0.70489229569941292] [0:1] [0:1] [0:1] [0:1] [-1.271050427207232:4.0025161108115546] [0.072406012381549714:1] [-0.56339478159772738:0.53326624514024512] [-0.58380611649784675:0.4880457439281583] [0:1] [0:1] [-12.944254050997285:0] [-11.321041500419179:0] [-6.8345585215605684:4.173353264012384] [-0.35485998296376131:0.29210222153023757] [-0.47896404145369331:0.47284112393220745] [-3.9003412288864907:6.0699972522966146] [-5.4315571809560002:7.311494523971434] [-2.9079455139736092:2.9507465929379859] [-13.575132352915945:5.5289024462986696] [-1.5181218633854374:2.1000026574669834] [-0.53311543321630239:0.89847170927561382] [-0.26852378240947428:0.23094892132516201] [0:1] [0:1] [0:1] [0:1] [0:1] [-0.6272895161225861:0.78796631792886762] [0:1] [0:1] [0.10652689772382438:4.76543673924487] [-0.59148708031586916:0.72085011309892943] [-0.31428445698655894:0.36952186848327812] [0.41627751060076523:0.56992842402496602] [-1.1833142374721111:1.7002782890301003] [0.12414045781186216:1] [0:1] [0:1] [0:1] [0:1] [-3.4417995095033724:3.1924654731457802]
tree_sizes=1755 1762 1753 1760 1761 1766 1764 1758 1757 1761 1759 1768 1766 1768 1771 1761 1758 1770 1767 1761 1774 1768 1765 1770 1774 1763 1770 1776 1768 1768 1759 1764 1775 1758 1768 1763 1770 1764 1773 1770 1767 1771 1762 1768 1758 1779 1773 1776 1773 1762 1762 1767 1772 1774 1774 1756 1768 1769 1761 1768 1763 1773 1762 1751 1773 1762 1760 1774 1767 1771 1766 1767 1765 1768 1774 1762 1764 1768 1741 1764 1749 1770 1766 1764

Tree=0
num_leaves=15
num_cat=0
split_feature=15 15 75 75 60 16 57 19 59 54 71 57 71 74
split_gain=62.3511 63.8021 62.7496 54.8451 37.0941 36.5329 52.6843 50.7817 63.8534 37.5173 34.061 28.3143 29.8675 27.8273
threshold=0.36666837451053752 -2.3122262246078709 0.48991410401546204 0.22583809350708964 0.0047237920053919726 0.27280414770826428 2.4373066538893418 1.0382596471166405 1.5757672809778558 0.08062123465129202 -0.12564058964097341 0.18819852536501794 0.31374802693547116 0.36343278811553653
decision_type=2 2 2 2 2 2 2 2 2 2 2 2 2 2
left_child=1 3 10 -1 -5 -2 7 8 9 -7 -3 -11 -13 -12
right_child=5 2 -4 4 -6 6 -8 -9 -10 11 13 12 -14 -15
leaf_value=0.015707400253961491 -0.0034441694599044656 -0.0093092296959961223 -0.049786665772427734 -0.017818827155443015 -0.039356465136617377 -0.015373040948212024 -0.057791095540408108 -0.0011384516746707485 0.013281872418403982 -0.059902619548425226 -0.016511097932204011 -0.036696691455924003 -0.0096473758289622857 -0.049003806372269046
leaf_weight=35.746015280485153 189.72885033488274 77.741333931684494 165.23158112168312 329.2133015692234 90.989857077598572 179.9799370765686 28.246851235628128 143.73397752642632 41.495374381542206 31.246516853570938 39.245625168085098 131.98528718948364 49.744454830884933 57.243618875741959
leaf_count=143 759 311 661 1317 364 720 113 575 166 125 157 528 199 229
internal_value=-0.0208351 -0.0267692 -0.0365972 -0.0194442 -0.0225041 -0.0149012 -0.0185163 -0.0165298 -0.0216457 -0.0254233 -0.023971 -0.0339247 -0.0292457 -0.03583
internal_weight=1591.57 795.411 339.462 455.949 420.203 796.161 606.432 578.186 434.452 392.956 174.231 212.976 181.73 96.4892
internal_count=6367 3182 1358 1824 1681 3185 2426 2313 1738 1572 697 852 727 386
is_linear=0
shrinkage=1


Tree=1
num_leaves=15
num_cat=0
split_feature=15 59 14 71 18 67 71 59 53 46 18 57 67 45
split_gain=59.4805 65.3224 45.0081 43.944 38.0561 40.4525 37.0292 34.7119 33.1836 31.5267 33.9174 42.5002 52.056 42.435
threshold=0.36666837451053752 -0.3109776959297183 -2.6054305986661848 -0.16744796745173743 -1.1834189038033764 -0.35549479584459726 -0.3078389261820571 0.46780687865352027 0.0022936364547776482 0.36337446414971208 -0.035874264986335842 2.4373066538893418 0.43234496965808011 0.75842965039378896
decision_type=2 2 2 2 2 2 2 2 2 2 2 2 2 2
left_child=1 4 -3 7 -1 -6 8 -2 -7 10 -5 12 13 -12
right_child=3 2 -4 9 5 6 -8 -9 -10 -11 11 -13 -14 -15
leaf_value=-0.027522936731332354 0.039974909604496636 0.0031411890805876004 -0.02252334943027285 0.014681655797492827 0.028436007670480806 0.00056493161467067424 0.0063203820514283471 0.0023151609227029181 -0.03444598770087183 0.035951684453685441 -0.007993560531716036 -0.038622031202498346 0.019757751867954251 0.020408456780366069
leaf_weight=35.747161686420441 56.745815679430962 82.485391572117805 234.90162868797779 155.74156557023525 53.495286509394646 53.992176935076714 279.44334048032761 36.246634796261787 42.986780822277069 25.249385192990303 347.9414246827364 24.979761987924576 101.99422909319401 53.743080198764801
leaf_count=143 227 330 940 623 214 216 1118 145 172 101 1392 100 408 215
internal_value=0.000499546 -0.00537644 -0.0158504 0.00623727 0.00177139 0.00427584 0.000764151 0.0255246 -0.0151012 0.00367117 0.00242297 -0.00120081 0.000719015 -0.00414111
internal_weight=1585.69 783.052 317.387 802.642 465.665 429.918 376.422 92.9925 96.979 709.649 684.4 528.658 503.679 401.685
internal_count=6344 3133 1270 3211 1863 1720 1506 372 388 2839 2738 2115 2015 1607
is_linear=0
shrinkage=0.03


Tree=2
num_leaves=15
num_cat=0
split_feature=15 71 15 75 75 71 61 19 19 75 56 60 60 61
split_gain=54.6104 47.8606 43.0707 58.1844 41.0801 34.8092 32.3566 36.0312 37.9516 33.8849 29.321 28.3668 25.3049 22.8483
threshold=0.36666837451053752 -0.16744796745173743 -2.3122262246078709 0.48991410401546204 0.22583809350708964 -0.12902351003500176 -0.06810435258989922 1.0382596471166405 0.1923551079120624 0.29157553753080517 2.2867893613479549 0.0047237920053919726 0.20417057604385844 -0.0081473894301758009
decision_type=2 2 2 2 2 2 2 2 2 2 2 2 2 2
left_child=2 -2 4 5 -1 -4 -3 8 9 -8 13 -6 -10 -11
right_child=1 6 3 -5 11 -7 7 -9 12 10 -12 -13 -14 -15
leaf_value=0.030200198581798163 0.024967636625796197 0.021028891934182302 0.013045492852312338 -0.026835006019624956 0.0014709228620631374 -0.014186849918028733 0.026256248757834014 0.014032114326654039 -0.016562470615233506 -0.0038008450808403593 -0.025984368462428988 -0.017325381685337336 0.0016243193927367124 0.02447224405484949
leaf_weight=36.24362114071846 95.231914192438126 73.989141225814819 76.738892987370491 164.30989465117455 325.70039293169975 91.4396713078022 55.740705788135529 132.47594451904297 195.91481918096542 71.742086306214333 31.995456635951996 91.705419287085533 104.96488305926323 38.747440800070763
leaf_count=145 381 296 307 658 1303 366 223 530 784 287 128 367 420 155
internal_value=-0.000393127 0.00511467 -0.00600875 -0.0141935 0 -0.00173063 0.00239717 0.000177581 -0.00351149 0.00664653 -0.00112303 -0.00267947 -0.0102186 0.00620442
internal_weight=1586.94 800.802 786.138 332.488 453.649 168.179 705.57 631.581 499.105 198.226 142.485 417.406 300.88 110.49
internal_count=6350 3204 3146 1331 1815 673 2823 2527 1997 793 570 1670 1204 442
is_linear=0
shrinkage=0.03


Tree=3
num_leaves=15
num_cat=0
split_feature=15 59 72 14 53 54 61 16 38 80 53 75 73 57
split_gain=53.336 62.4543 71.7445 53.5591 36.065 35.3755 30.6519 41.3255 42.488 37.1041 29.3121 35.5283 28.5175 27.6328
threshold=0.36666837451053752 -0.3109776959297183 -0.073201008850446433 -2.4667642751967693 0.039736358353548169 -0.041509483869840651 0.057702774113417135 0.27280414770826428 0.54551841181871785 1.8022331291738034 -0.026181945691386762 0.41761377259777638 0.51577030875868735 2.397044948290318
decision_type=2 2 2 2 2 2 2 2 2 2 2 2 2 2
left_child=1 2 10 5 -4 -3 7 -2 9 13 11 -1 -8 -9
right_child=6 3 4 -5 -6 -7 12 8 -10 -11 -12 -13 -14 -15
leaf_value=0.025715996749667579 0.014318120922462816 0.027015268496826322 0.014295658488026991 -0.023759519247053308 -0.017723330870890442 -0.010733488905359008 0.024843041511852883 0.0054828773764067709 -0.027548966187546722 -0.028818488938759695 -0.029020014998548088 -0.013603883461021612 -0.0051997979529048522 -0.025444385415364076
leaf_weight=26.234813034534454 180.70490702986717 33.99198879301548 251.90198811888695 233.11888486146927 35.207827419042587 60.713324055075645 110.20551623404026 368.8799033164978 52.973805323243141 34.221614435315132 68.961127370595932 84.734459489583969 37.486509874463081 26.943751826882362
leaf_count=105 723 136 1008 934 141 243 441 1476 212 137 276 339 150 108
internal_value=-0.000517587 -0.00603957 0.00100088 -0.0160561 0.0103057 0.00290912 0.00488699 0.00211774 -0.00245747 0.000679652 -0.0137966 -0.00412123 0.0172038 0.0033075
internal_weight=1606.28 794.864 467.04 327.824 287.11 94.7053 811.416 663.724 483.019 430.045 179.93 110.969 147.692 395.824
internal_count=6429 3182 1869 1313 1149 379 3247 2656 1933 1721 720 444 591 1584
is_linear=0
shrinkage=0.03


Tree=4
num_leaves=15
num_cat=0
split_feature=75 19 71 71 71 14 80 58 74 72 72 50 74 71
split_gain=45.5304 50.3719 25.964 24.8074 51.7163 38.5648 38.3956 45.8254 39.6588 37.1303 49.1171 40.7354 34.6802 25.9651
threshold=0.22583809350708964 1.0808235833739726 0.3593234637720244 0.20179273081116605 -0.028025701729730835 -2.3705770881919546 -0.40419796816410197 3.8549121278012417 0.92093250763110202 -0.096566737755908308 0.0071262638499872966 -0.76717611197542823 0.28930391180487086 -0.49839939570160913
decision_type=2 2 2 2 2 2 2 2 2 2 2 2 2 2
left_child=-1 3 -3 4 9 -6 -5 8 -8 13 11 12 -11 -2
right_child=1 2 -4 6 5 -7 7 -9 -10 10 -12 -13 -14 -15
leaf_value=0.023117311619659728 0.015101183972604789 0.022716499273531573 -0.0085812833737903445 -0.018914520765810083 0.01397433731755353 -0.017642807134923989 0.028805861185034313 -0.014239610621016795 -0.0045864161844300167 0.0043662642540365131 -0.0053326874966976847 -0.0085870093144793953 0.028654937981233544 -0.016741166918440211
leaf_weight=70.928826615214348 25.988131329417229 107.94328911602497 29.726381599903107 45.971836030483246 37.973729327321053 323.59901140630245 109.1726740449667 47.681162223219872 44.464183807373047 92.955455169081688 293.20834508538246 64.698300376534462 124.6368750333786 158.63515341281891
leaf_count=284 104 432 119 184 152 1296 437 191 178 372 1174 259 499 635
internal_value=-0.000197939 -0.00131314 0.0159129 -0.00305909 -0.00495714 -0.0142805 0.00551755 0.0111849 0.0191455 -0.000503399 0.00324854 0.0121649 0.0183668 -0.0121775
internal_weight=1577.58 1506.65 137.67 1368.98 1121.7 361.573 247.29 201.318 153.637 760.122 575.499 282.291 217.592 184.623
internal_count=6316 6032 551 5481 4491 1448 990 806 615 3043 2304 1130 871 739
is_linear=0
shrinkage=0.03


Tree=5
num_leaves=15
num_cat=0
split_feature=19 52 50 72 75 14 61 36 47 55 60 59 59 72
split_gain=45.5899 41.2694 40.9881 33.1126 27.9555 32.3689 26.8772 34.1454 26.5442 25.6056 32.8707 29.9818 41.2747 33.6885
threshold=1.0808235833739726 0.19545633537716392 -4.5092919053877116 -0.11132257852499884 0.6892917774988494 -2.3223025344666577 0.057702774113417135 0.22160264613534927 -0.22001206097955467 0.95718132056401595 -0.0062718284687647034 0.030022070526709268 -0.3109776959297183 -0.1343753833132724
decision_type=2 2 2 2 2 2 2 2 2 2 2 2 2 2
left_child=1 2 -1 -3 9 -6 7 -2 -5 11 -11 12 13 -4
right_child=6 3 4 8 5 -7 -8 -9 -10 10 -12 -13 -14 -15
leaf_value=-0.013770160466721588 0.021731194473833003 -0.038210610830943091 -0.0094622507698857803 -0.035059787365109028 0.0079765499673468063 -0.023931388159731257 0.029979847044001435 -0.019949037582697855 -0.0041065470686476539 -0.026864807556993255 0.0061555109456736508 0.019046565339908037 -0.010408407057769731 0.016707747375621151
leaf_weight=115.83897379040718 39.732259720563889 29.20372474193573 54.954738944768906 25.437223672866821 54.218049839138985 58.372911095619202 69.900496423244476 30.234155878424644 466.91894355416298 40.440676972270012 77.431823223829269 210.55575332045555 110.82198630273342 211.87394216656685
leaf_count=464 159 117 220 102 217 234 280 121 1870 162 310 843 444 848
internal_value=0.00065126 -0.000921806 0.00284752 -0.00767667 0.00521829 -0.00859159 0.0169497 0.00362945 -0.00578267 0.0074358 -0.00526621 0.00999346 0.00489712 0.0112859
internal_weight=1595.94 1456.07 934.509 521.56 818.67 112.591 139.867 69.9664 492.356 706.079 117.873 588.206 377.651 266.829
internal_count=6391 5831 3742 2089 3278 451 560 280 1972 2827 472 2355 1512 1068
is_linear=0
shrinkage=0.03


Tree=6
num_leaves=15
num_cat=0
split_feature=29 75 70 60 52 75 11 67 60 14 55 38 60 58
split_gain=41.7605 27.9833 26.9463 23.7709 51.1021 40.3867 37.1073 49.0807 35.6034 34.9302 42.1238 41.923 39.3331 29.9889
threshold=0.45881937104287168 0.23250764613409416 0.32466524473107655 0.21203089952289494 0.39468285895916538 0.54236672697398836 -0.36961220387406496 -0.30827429589646976 -0.11828497660285754 -1.4049159824392536 0.95718132056401595 -0.11174840817696884 -0.043980625695492208 -5.368964286079839
decision_type=2 2 2 2 2 2 2 2 2 2 2 2 2 2
left_child=1 -1 -3 4 5 9 -7 -8 -9 11 -11 12 -4 -5
right_child=-2 2 3 13 -6 6 7 8 -10 10 -12 -13 -14 -15
leaf_value=0.016850532940190097 0.021460132790990301 -0.025079481145258365 0.013186918993720933 -0.015731905048882468 -0.01508200268923466 0.0047815562235346406 0.017004700533409276 -0.034981951993854427 -0.0082941911686449602 0.017509576597560986 -0.0069750102275530036 -0.025974197005797547 -0.022708157126233246 0.012101781924444867
leaf_weight=77.627967447042465 80.631801247596741 41.446962505578995 110.44407361745834 40.696351870894432 235.04889412224293 139.79413834214211 35.235663771629333 87.292568355798721 94.540940493345261 259.2575531154871 82.623601108789444 55.938320487737656 35.436508119106293 210.29570506513119
leaf_count=311 323 166 442 163 942 560 141 350 379 1038 331 224 142 842
internal_value=0.000560389 -0.000569343 -0.00153055 -0.000805844 -0.00265639 0.000594862 -0.00722955 -0.0149719 -0.021252 0.0057426 0.0115761 -0.0041255 0.00434161 0.00752639
internal_weight=1586.31 1505.68 1428.05 1386.6 1135.61 900.563 356.863 217.069 181.834 543.7 341.881 201.819 145.881 250.992
internal_count=6354 6031 5720 5554 4549 3607 1430 870 729 2177 1369 808 584 1005
is_linear=0
shrinkage=0.03


Tree=7
num_leaves=15
num_cat=0
split_feature=46 75 15 72 59 72 13 53 72 18 60 72 51 58
split_gain=39.0566 40.2285 31.4132 38.8963 36.9404 53.8151 44.5925 36.5433 35.3538 31.5267 37.6189 42.5745 27.2727 26.7692
threshold=0.36337446414971208 0.23250764613409416 0.36666837451053752 0.29847517360654569 -0.3109776959297183 -0.073201008850446433 -1.991947166389531 0.035833926093111763 -0.038523868617850378 -0.089851189036786031 0.20417057604385844 -0.019957702588331173 -1.4850526176822911 1.9869712853940256
decision_type=2 2 2 2 2 2 2 2 2 2 2 2 2 2
left_child=1 -1 4 9 5 -3 8 -7 -6 -4 11 -11 -13 -10
right_child=-2 2 3 -5 6 7 -8 -9 13 10 -12 12 -14 -15
leaf_value=0.01933648841431097 0.032469441834809279 -0.014012587581405984 0.016517627074933216 -0.031236698833311895 0.023157108923819811 0.012534494913084246 -0.021871236970850742 -0.020048105905023161 -0.029979543181226725 0.015993550388019188 0.010589432437375028 -0.018659689014172295 8.4938525338629862e-05 0.0086841597317284178
leaf_weight=84.33005490899086 31.650017067790031 160.00895369052887 142.12414748966694 28.452173992991447 41.710270702838898 223.86884614825249 211.14825315773487 34.92011883854866 33.664520651102066 66.916721612215042 214.99913227558136 158.20825043320656 123.612404987216 29.205812618136406
leaf_count=338 127 641 569 114 167 896 848 140 135 268 861 634 495 117
internal_value=0 -0.000684974 -0.0018499 0.00253216 -0.00623428 -0.000375574 -0.0139656 0.00806034 0.00200919 0.00394196 0.000739895 -0.00533247 -0.0104508 -0.0120935
internal_weight=1584.82 1553.17 1468.84 734.313 734.527 418.798 315.729 258.789 104.581 705.861 563.737 348.737 281.821 62.8703
internal_count=6350 6223 5885 2941 2944 1677 1267 1036 419 2827 2258 1397 1129 252
is_linear=0
shrinkage=0.03


Tree=8
num_leaves=15
num_cat=0
split_feature=75 15 57 15 75 44 18 58 3 73 67 54 12 53
split_gain=45.869 47.9249 32.3304 29.615 54.0278 30.9926 32.7953 29.5185 24.63 26.3122 26.1584 42.8843 42.2277 28.5868
threshold=0.23250764613409416 0.36666837451053752 2.3727149067657707 -2.3122262246078709 0.48991410401546204 0.4239136620975939 -0.57132599206708701 0.99486550649621919 0.070476270170201985 0.51979930976571542 0.42392757049285484 0.10375398868023213 0.28423848481842401 0.0064782033281325377
decision_type=2 2 2 2 2 2 2 2 2 2 2 2 2 2
left_child=-1 3 8 7 5 6 -5 -2 9 10 11 -3 13 -13
right_child=1 2 -4 4 -6 -7 -8 -9 -10 -11 -12 12 -14 -15
leaf_value=0.022232397105447065 -0.0069777374425837885 0.0095731473602808717 -0.021376525743020808 0.0052280687098231974 -0.025475473312950272 0.010091651414567488 -0.036154233458136571 0.0095406100340369813 0.024757751418350717 -0.018588159453392452 0.0216227114677272 0.020566123435900127 -0.02256353034110924 -0.011243357028194361
leaf_weight=80.024094194173813 273.27478641271591 351.77186857163906 40.561219498515129 32.431796044111252 160.28055635094643 94.63226805627346 34.872947335243225 149.87442454695702 56.090962335467339 41.696836814284325 80.355120003223419 52.437026217579842 92.097494542598724 47.439461648464203
leaf_count=321 1095 1409 163 130 645 379 140 600 225 167 322 210 369 190
internal_value=0.00024078 -0.000937356 0.00434458 -0.00634496 -0.013184 -0.000908865 -0.0163631 -0.00110783 0.00582359 0.00418697 0.0057431 0.00335275 -0.00801268 0.00545093
internal_weight=1587.84 1507.82 762.45 745.367 322.218 161.937 67.3047 423.149 721.889 665.798 624.101 543.746 191.974 99.8765
internal_count=6365 6044 3055 2989 1294 649 270 1695 2892 2667 2500 2178 769 400
is_linear=0
shrinkage=0.03


Tree=9
num_leaves=15
num_cat=0
split_feature=15 59 72 53 61 50 19 75 56 58 29 72 17 17
split_gain=44.6427 47.3874 46.789 38.9018 32.4394 32.394 33.5832 36.9849 39.8521 33.9886 31.9779 31.1406 34.9686 32.3525
threshold=0.36666837451053752 -0.3109776959297183 -0.10283605427017337 0.039736358353548169 -0.06810435258989922 -6.773351969429263 0.12084123329396675 0.29157553753080517 2.2867893613479549 2.6509655983351972 0.02198503029226068 -0.040839587020249347 -0.7781860121677705 -0.54971748259873376
decision_type=2 2 2 2 2 2 2 2 2 2 2 2 2 2
left_child=1 2 -1 -4 -2 -6 7 -7 -9 10 -8 12 -3 -13
right_child=4 11 3 -5 5 6 9 8 -10 -11 -12 13 -14 -15
leaf_value=-0.01390040382050858 0.024078027905922131 -0.021481277383026062 0.010781816873636304 -0.020466224442082927 0.03053070671016225 0.033217535826797442 -0.020795881585256977 0.011949840615597363 -0.026155175622994766 -0.012539949027347733 0.0074019851891600026 -0.0087266645039794609 0.014123254655783797 -0.031752217935844998
leaf_weight=135.63851663470268 70.613405585289001 40.611608117818832 291.12487727403641 39.854414537549019 35.310612484812737 52.382134407758713 40.933138713240623 117.32980865240097 30.196950435638428 193.03489415347576 262.26235404610634 111.44197371602058 60.535824805498123 110.71190406382084
leaf_count=544 283 163 1166 160 142 210 164 470 121 774 1051 448 243 446
internal_value=-0.000182887 -0.00524448 0.000866457 0.00695526 0.00479678 0.00289892 0.0014491 0.0118028 0.00399632 -0.00272823 0.00352447 -0.0140537 -0.000198579 -0.0203126
internal_weight=1591.98 789.919 466.618 330.979 802.063 731.45 696.139 199.909 147.527 496.23 303.195 323.301 101.147 222.154
internal_count=6385 3170 1870 1326 3215 2932 2790 801 591 1989 1215 1300 406 894
is_linear=0
shrinkage=0.03


Tree=10
num_leaves=15
num_cat=0
split_feature=19 75 71 53 73 50 61 73 71 71 71 71 58 80
split_gain=38.1998 37.4649 23.8822 23.3135 30.5932 19.1023 36.026 25.4596 18.9859 20.6137 35.9155 31.3174 41.2927 43.0238
threshold=1.0382596471166405 0.32786396983499172 0.32052102529473142 0.029111435513516252 0.50268338166378468 -1.3928454938871002 0.026894891713983671 0.4783170990926075 -0.4846550338621502 -0.31403956056736454 -0.13631036103603367 0.20649398681374853 3.8912883888846808 -0.3881063077193207
decision_type=2 2 2 2 2 2 2 2 2 2 2 2 2 2
left_child=1 3 -2 5 -5 7 -7 -1 -3 -10 -11 -12 13 -13
right_child=2 8 -4 4 -6 6 -8 -9 9 10 11 12 -14 -15
leaf_value=-0.0048761062476224085 0.022019814771094645 0.01751728888664382 -0.005302824800293056 -0.025048749606117686 0.016325928696371027 0.011823770285990303 -0.024387377897952017 0.027372053379460588 -0.016926444022378792 0.0069241567198944356 -0.010266318537638985 -0.015426977734633978 -0.026430361414973028 0.019791933654428016
leaf_weight=27.684574693441391 111.79081131517887 36.198545917868614 37.881062343716621 38.362405344843864 26.186315730214119 118.36954455077648 30.163103446364403 98.210631310939789 103.60314689576626 247.20048233866692 504.73218178749084 41.666693925857544 32.142169371247292 115.49553492665291
leaf_count=111 449 145 152 154 105 475 121 394 416 991 2027 167 129 463
internal_value=0.000721074 -0.000799338 0.0150855 0.00788438 -0.0082021 0.0117005 0.00432622 0.0202626 -0.00353118 -0.00428076 -0.00286757 -0.00636659 0.00400671 0.0103878
internal_weight=1569.69 1420.02 149.672 338.977 64.5487 274.428 148.533 125.895 1081.04 1044.84 941.237 694.037 189.304 157.162
internal_count=6299 5698 601 1360 259 1101 596 505 4338 4193 3777 2786 759 630
is_linear=0
shrinkage=0.03


Tree=11
num_leaves=15
num_cat=0
split_feature=29 52 55 50 54 75 13 55 15 75 80 54 2 54
split_gain=34.4726 33.3099 44.6317 33.6666 29.0635 25.2382 36.1943 20.1726 35.9218 24.4533 19.2848 25.7015 18.3151 20.7509
threshold=0.45881937104287168 0.20297382758808633 -0.26163820193996629 -4.7946108034415635 -0.26595358417744647 0.69074038034448126 -1.5365260981026949 0.95718132056401595 0.27951615009323522 0.45001031434598787 0.060564055930327182 0.28999865083247928 0.019162981029191787 -0.0052110119611770136
decision_type=2 2 2 2 2 2 2 2 2 2 2 2 2 2
left_child=1 3 -3 -1 -5 7 -7 8 -6 -9 12 -12 13 -4
right_child=-2 2 10 4 5 6 -8 9 -10 -11 11 -13 -14 -15
leaf_value=-0.014604975266839173 0.017921508344531375 -0.023067014413676836 -0.0096957262808365502 0.031217597492416999 0.0020598335286351964 0.0088992756762188898 -0.024727569147616358 -0.016013608554789466 0.018100556982409585 0.013681594698546001 -0.013447854075109549 0.012135174902787618 -0.015612834368214824 0.014180580594647529
leaf_weight=97.02250012755394 86.558107361197472 123.70546147227287 43.042547538876534 32.860146000981331 387.47695480287075 50.107938796281815 65.073531776666641 77.007140502333641 185.72093237936497 35.660173133015633 186.39267937839031 42.550074741244316 34.419659778475761 126.68217766284943
leaf_count=390 348 498 173 132 1554 201 262 309 745 143 748 171 138 508
internal_value=-0.000368584 -0.00144708 -0.0072465 0.0020208 0.00397573 0.00281509 -0.0101093 0.00500367 0.00728747 -0.00653755 -0.00267449 -0.00864146 0.00400489 0.00807782
internal_weight=1574.28 1487.72 556.793 930.929 833.907 801.047 115.181 685.865 573.198 112.667 433.087 228.943 204.144 169.725
internal_count=6320 5972 2236 3736 3346 3214 463 2751 2299 452 1738 919 819 681
is_linear=0
shrinkage=0.03


Tree=12
num_leaves=15
num_cat=0
split_feature=75 18 71 71 58 80 74 67 80 50 38 71 34 72
split_gain=38.8128 29.4288 23.7087 25.1693 36.5328 36.5111 39.2641 33.5496 28.4455 24.1719 23.4424 22.5624 29.8279 26.2872
threshold=0.23250764613409416 1.0801289881145066 -0.4846550338621502 0.20179273081116605 3.8549121278012417 -0.3881063077193207 0.93035042601014506 0.18201327972918338 1.0062906230675168 -0.31967438164232503 0.3556772307321881 -0.13326014030179115 -0.45100362811460665 -0.092485132251941327
decision_type=2 2 2 2 2 2 2 2 2 2 2 2 2 2
left_child=-1 2 -2 7 5 -5 -7 8 9 10 11 13 -13 -4
right_child=1 -3 3 4 -6 6 -8 -9 -10 -11 -12 12 -14 -15
leaf_value=0.019982429567683674 0.018992282349838061 0.011532775475804665 -0.011371257440476071 -0.012244858962311908 -0.017163269179247698 0.025629771995949971 -0.008943050317032266 -0.018482866299964946 0.015660277129190797 -0.020436168252107062 0.012021357679324218 -0.020185062619288787 -0.0026524856893846887 0.0070494755315544605
leaf_weight=82.511115506291389 43.928159013390541 149.96426355838776 102.11156556010246 47.114351868629456 51.739800915122032 124.100745216012 37.925608217716217 146.98423537611961 66.571213737130165 77.425693511962891 83.006101936101913 148.05818921327591 213.45599627494812 214.07764439284801
leaf_count=332 176 603 410 189 208 498 152 590 267 311 333 596 858 859
internal_value=7.18082e-05 -0.00102827 -0.00242771 -0.00316192 0.00515636 0.0107549 0.0175045 -0.00523255 -0.00305682 -0.00456573 -0.00291981 -0.00477147 -0.00988124 0.00106932
internal_weight=1588.97 1506.46 1356.5 1312.57 260.881 209.141 162.026 1051.69 904.706 838.135 760.709 677.703 361.514 316.189
internal_count=6382 6050 5447 5271 1047 839 650 4224 3634 3367 3056 2723 1454 1269
is_linear=0
shrinkage=0.03


Tree=13
num_leaves=15
num_cat=0
split_feature=15 59 72 51 61 52 12 74 72 54 36 53 80 80
split_gain=33.1788 40.2493 43.3486 34.1541 40.0368 34.0838 39.7118 32.4945 29.7773 25.6725 23.1403 32.9564 22.9359 30.3414
threshold=0.36666837451053752 -0.3109776959297183 -0.10283605427017337 -1.7382255589528279 0.053563932121355934 -0.033490644321534715 -1.2012640280790781 0.56129791503582238 -0.014801804445465421 -0.26595358417744647 0.2029607545169109 0.090044366812622748 -1.6050683625071354 -0.89652243658111164
decision_type=2 2 2 2 2 2 2 2 2 2 2 2 2 2
left_child=1 2 9 4 8 6 -3 12 -2 -1 11 -10 -4 -14
right_child=3 5 7 -5 -6 -7 -8 -9 10 -11 -12 -13 13 -15
leaf_value=0.0083421331610256545 0.016437390213117378 0.015521389833742951 0.037117129621924094 0.011281008493811539 0.013809816802126111 -0.02455270808458971 -0.01321882083024151 -0.016851936445315865 -0.011109530865289999 -0.020820028816245239 -0.023408497737897948 0.017787327657489783 -0.014938604714172202 0.012767401795232209
leaf_weight=36.543141692876816 42.663370862603188 60.353709876537323 26.576701551675797 349.48555424809456 115.99833735823631 126.26226179301739 145.51857204735279 42.350312992930412 156.09926152229309 98.083025693893433 82.945540696382523 44.85800364613533 41.679924175143242 212.33775037527084
leaf_count=147 171 242 107 1403 467 510 587 170 627 394 333 180 167 851
internal_value=-4.92937e-05 -0.00440068 0.00136293 0.00428362 -0.00124494 -0.0123348 -0.00473726 0.00733064 -0.00663205 -0.0128679 -0.0101601 -0.00458071 0.0110434 0.00816293
internal_weight=1581.76 789.705 457.571 792.05 442.565 332.135 205.872 322.945 326.566 134.626 283.903 200.957 280.594 254.018
internal_count=6356 3175 1836 3181 1778 1339 829 1295 1311 541 1140 807 1125 1018
is_linear=0
shrinkage=0.03


Tree=14
num_leaves=15
num_cat=0
split_feature=75 14 52 72 47 18 19 61 54 75 75 73 52 70
split_gain=31.1813 33.8596 36.9191 32.5385 38.2277 34.5029 39.8142 33.8558 24.5869 24.9969 25.2671 24.6274 20.7933 20.2487
threshold=0.23250764613409416 0.20203502502518766 0.14896056302585245 -0.014801804445465421 0.047951943045569635 -0.12316581551461452 1.0382596471166405 -0.044205069291399758 0.082857752034331447 0.37644454465419319 0.28355566694216106 0.50479298582642362 -2.1155393862248544 1.2102472549066283
decision_type=2 2 2 2 2 2 2 2 2 2 2 2 2 2
left_child=-1 2 12 4 -3 -5 7 -7 9 10 -9 -10 -2 -11
right_child=1 3 -4 5 -6 6 -8 8 11 13 -12 -13 -14 -15
leaf_value=0.017460132996895996 -0.027736044777365441 -0.0076918860204796685 -0.017270433822045791 0.020422848904969492 0.029787918695030356 0.011749827722523743 0.011821971119731113 -0.0075050509813726759 -0.02538929336560964 -0.018063070513378941 0.032231693208631389 -0.0031101671723799298 -0.00064148734321908146 0.0075777849849457748
leaf_weight=82.306442216038704 25.839551359415054 35.15918180346489 192.02279433608055 68.696916118264198 76.001651018857956 76.652681738138199 143.32241554558277 25.393088027834892 123.80742441117764 82.004426628351212 30.933664485812187 70.782366752624512 518.69992017745972 40.633190467953682
leaf_count=332 104 141 775 276 305 308 577 102 498 329 124 284 2084 163
internal_value=-0.000404162 -0.00139182 -0.00599324 0.00298677 0.0179304 0.000448309 -0.0018865 -0.00627707 -0.0100097 -0.00193445 0.0144207 -0.0173656 -0.00198391 -0.00953858
internal_weight=1592.26 1509.95 736.562 773.387 111.161 662.226 593.529 450.207 373.554 178.964 56.3268 194.59 544.539 122.638
internal_count=6402 6070 2963 3107 446 2661 2385 1808 1500 718 226 782 2188 492
is_linear=0
shrinkage=0.03


Tree=15
num_leaves=15
num_cat=0
split_feature=15 59 72 53 72 16 80 72 59 15 61 19 18 57
split_gain=33.8846 44.1958 35.8754 34.5559 32.4328 31.2191 47.6464 28.2927 29.1914 29.438 28.213 27.3572 27.2761 26.259
threshold=0.36666837451053752 -0.3109776959297183 -0.096566737755908308 0.035833926093111763 -0.040839587020249347 0.23690527236051631 1.2716014924908052 0.29847517360654569 1.2661697955782862 9.4936001780934998 0.046775343457140448 -0.081976456381685062 -0.76392624996178304 -1.2605693987317947
decision_type=2 2 2 2 2 2 2 2 2 2 2 2 2 2
left_child=1 2 11 -4 12 -2 7 8 10 -10 -7 13 -3 -1
right_child=5 4 3 -5 -6 6 -8 -9 9 -11 -12 -13 -14 -15
leaf_value=0.012447031015611471 0.016532310179866977 0.025310670312496463 0.012024605284678951 -0.01699562611978472 -0.018692879109095131 -0.0012933145473018564 -0.018355036855642656 -0.019904975552003559 0.03714551717311667 -0.0002359196800889592 0.015124542495068187 -0.036127419963934496 -0.0084737370126317102 -0.014991987734831316
leaf_weight=52.958251908421516 170.35117346048355 30.17552375793457 271.03533162176609 41.717300474643707 217.46009939908981 287.22746561467648 87.326998129487038 36.046618595719337 51.417386502027512 29.311800539493561 138.77364078164101 27.470165699720383 68.226754114031792 73.901164948940277
leaf_count=213 685 121 1087 168 880 1152 352 145 207 118 559 111 275 297
internal_value=0.000834014 -0.00359773 0.00225657 0.00809749 -0.0122488 0.00517351 0.00207415 0.00539698 0.00724137 0.0236809 0.0040673 -0.00952717 0.00199154 -0.00349444
internal_weight=1583.4 782.945 467.082 312.753 315.862 800.455 630.104 542.777 506.73 80.7292 426.001 154.33 98.4023 126.859
internal_count=6370 3152 1876 1255 1276 3218 2533 2181 2036 325 1711 621 396 510
is_linear=0
shrinkage=0.03


Tree=16
num_leaves=15
num_cat=0
split_feature=19 52 75 20 70 35 72 75 60 57 71 55 57 50
split_gain=37.5121 34.6684 27.0861 40.646 37.3261 32.8968 32.0351 31.5717 22.8039 26.936 22.2895 21.1472 27.0696 25.893
threshold=1.0808235833739726 0.4182228686744211 0.48991410401546204 0.040683120307358489 0.84065171636580116 0.45831086496853707 -0.16610385091805843 0.47209307525796373 0.21203089952289494 1.0532609284230359 0.3593234637720244 0.95718132056401595 0.91807455078258626 -0.99129741806895744
decision_type=2 2 2 2 2 2 2 2 2 2 2 2 2 2
left_child=1 2 6 5 -5 -4 -1 11 -3 -10 -2 12 13 -8
right_child=10 8 3 4 -6 -7 7 -9 9 -11 -12 -13 -14 -15
leaf_value=-0.021773291379911901 0.021213889100078334 -0.01460584121559259 -0.024815356121100123 -0.028853028931536764 -0.0039363363861440728 0.0091906150056836351 0.0098275535633293859 0.028719988619669758 -0.0064515509252204362 0.027707729293959992 -0.0075027876022787897 -0.0063580826711320711 0.020419807046540752 -0.0084556021066100138
leaf_weight=35.521459400653839 109.69474668800831 240.83899901807308 28.279088288545609 83.015822529792786 154.57100540399551 201.80700473487377 194.38514116406441 54.555049672722816 85.410313278436661 26.333421856164932 30.353736639022827 116.01754520833492 114.59315077960491 107.25168652832508
leaf_count=143 443 972 114 335 622 812 782 219 343 106 122 467 461 431
internal_value=0.000179995 -0.00126005 0.00138306 -0.00406177 -0.0127458 0.00490229 0.00548199 0.00717375 -0.00942466 0.00173284 0.0149489 0.00490712 0.00806561 0.00330536
internal_weight=1582.63 1442.58 1090 467.673 237.587 230.086 622.324 586.803 352.583 111.744 140.048 532.248 416.23 301.637
internal_count=6372 5807 4386 1883 957 926 2503 2360 1421 449 565 2141 1674 1213
is_linear=0
shrinkage=0.03


Tree=17
num_leaves=15
num_cat=0
split_feature=29 72 67 11 72 46 67 19 50 18 72 51 45 57
split_gain=32.8664 29.9303 25.8086 32.7457 21.4386 32.0124 36.6749 20.9751 33.4139 32.6523 34.0841 31.0092 24.4194 21.6862
threshold=0.45881937104287168 0.29847517360654569 0.45949850565413047 0.51324751361396237 -0.16610385091805843 -0.27892762711033453 -0.31680302141856681 0.12084123329396675 -4.2816839451716193 0.44961843191458312 -0.021746097053581156 -1.4568347254888749 0.25926032773410829 -1.5582253030160762
decision_type=2 2 2 2 2 2 2 2 2 2 2 2 2 2
left_child=1 2 4 -4 -1 -6 -7 8 12 11 -11 -9 -8 -10
right_child=-2 -3 3 -5 5 6 7 9 13 10 -12 -13 -14 -15
leaf_value=-0.017853860429176565 0.017890241001369014 -0.031961977380100204 0.030854664900172604 -0.010064103068400235 -0.0283300158202731 0.022530728193898893 -0.03390925276348019 -0.025680098281460773 0.030108058027071116 0.02239520936406296 -0.0040481596110334053 -0.0026721900829831781 -0.00061910095513458333 0.0033015910154359741
leaf_weight=68.776738792657852 83.844969555735588 27.127406269311905 48.255702972412109 26.559892192482948 35.90523461997509 60.940140902996063 36.007057815790176 110.3765007853508 27.534421935677528 52.261644631624222 247.5349265486002 101.5049704760313 43.416884139180183 602.46232558786869
leaf_count=277 339 109 195 107 145 245 146 446 111 210 996 408 175 2426
internal_value=-0.00026801 -0.00130507 -0.000711507 0.0163278 -0.00164515 -0.000782993 6.47094e-06 -0.00113146 0.00220239 -0.00575776 0.000605714 -0.0147433 -0.0160012 0.00452618
internal_weight=1572.51 1488.66 1461.54 74.8156 1386.72 1317.94 1282.04 1221.1 709.421 511.678 299.797 211.881 79.4239 629.997
internal_count=6335 5996 5887 302 5585 5308 5163 4918 2858 2060 1206 854 321 2537
is_linear=0
shrinkage=0.03


Tree=18
num_leaves=15
num_cat=0
split_feature=19 75 52 73 61 3 14 67 73 51 71 61 75 58
split_gain=27.6387 33.792 25.6216 25.0319 31.4848 24.0234 28.5335 33.1946 28.1832 24.1591 21.6592 22.5177 21.2857 19.6363
threshold=1.0382596471166405 0.27580164701685617 0.19545633537716392 0.50299110242790024 0.0034990118308431731 -0.018713250545537182 -1.1965335749849397 -0.31680302141856681 0.51577030875868735 -4.7054261053509299 -0.11653506667133294 -0.047469917576492167 0.47944530234356181 0.73259412692150672
decision_type=2 2 2 2 2 2 2 2 2 2 2 2 2 2
left_child=1 3 5 4 13 9 7 -7 10 -3 12 -12 -8 -1
right_child=-2 2 -4 -5 -6 6 8 -9 -10 -11 11 -13 -14 -15
leaf_value=0.0014842076699453795 0.011913922961629537 -0.0097363654627846633 -0.0090870765148184218 0.032176147083260991 -0.012000737513822199 0.014936721588898702 0.025302883210018598 -0.01648095141653905 -0.022800056362604206 0.013941090282308164 0.019415287978465489 -0.0049532745804253151 -0.0034229969300936343 0.031922046349297684
leaf_weight=37.637173116207123 148.00837890803814 49.619263514876366 450.87581816315651 37.417003497481346 57.504640683531761 34.915022805333138 69.980820193886757 192.67231975495815 36.360106408596039 164.71769849956036 40.704298630356789 186.62661817669868 33.794612497091293 38.589298933744431
leaf_count=152 598 199 1820 151 232 140 282 777 146 662 164 751 136 156
internal_value=-0.000379266 -0.00166095 -0.00336432 0.0108025 0.00459447 -0.000163592 -0.00327154 -0.0115971 0.0018901 0.00841907 0.00467547 -0.000504378 0.0159619 0.0171653
internal_weight=1579.42 1431.41 1260.27 171.148 133.731 809.391 595.054 227.587 367.466 214.337 331.106 227.331 103.775 76.2265
internal_count=6366 5768 5077 691 540 3257 2396 917 1479 861 1333 915 418 308
is_linear=0
shrinkage=0.03


Tree=19
num_leaves=15
num_cat=0
split_feature=15 59 72 72 72 18 53 71 71 57 17 19 14 50
split_gain=29.7803 42.4657 45.8617 36.1878 29.7651 29.5729 29.4339 27.6057 48.6047 37.1158 24.5605 23.4061 32.9691 26.4651
threshold=0.36666837451053752 -0.3109776959297183 -0.073201008850446433 -0.040839587020249347 0.29847517360654569 -0.69217871998263314 0.039736358353548169 0.20179273081116605 -0.025906804132806095 1.5061235324475024 -0.54971748259873376 0.1132515232410017 4.766904723103508 -1.7725890552977901
decision_type=2 2 2 2 2 2 2 2 2 2 2 2 2 2
left_child=1 2 -1 5 7 -3 -4 8 9 -2 -5 13 -13 -10
right_child=4 3 6 10 -6 -7 -8 -9 11 -11 -12 12 -14 -15
leaf_value=-0.010146163429103938 0.017496107505096978 0.022938313643220066 0.01268250088204342 -0.008807334950677927 -0.021481092453724024 -0.0099531802854445003 -0.015690559864183891 0.01377222190751708 -0.016287642228067715 -0.012793056169144406 -0.029033534940208647 -0.018388743298529756 0.012769684380396972 0.020480272146095553
leaf_weight=176.23876406252384 187.82722787559032 38.592880263924599 260.22134818136692 109.65234731137753 36.963906168937683 63.872071802616119 36.650535002350807 253.9244359433651 26.585358425974846 44.160622671246529 109.66589598357677 158.49263213574886 36.875515773892403 47.692316561937332
leaf_count=711 757 155 1045 444 149 258 148 1024 107 178 447 638 149 192
internal_value=0.000315355 -0.00378213 0.00192969 -0.012174 0.00443036 0.0024937 0.00912366 0.00573068 0.00163184 0.0116809 -0.0190274 -0.00700834 -0.0124496 0.00721903
internal_weight=1587.42 794.894 473.111 321.783 792.522 102.465 296.872 755.558 501.634 231.988 219.318 269.646 195.368 74.2777
internal_count=6402 3208 1904 1304 3194 413 1193 3045 2021 935 891 1086 787 299
is_linear=0
shrinkage=0.03


Tree=20
num_leaves=15
num_cat=0
split_feature=75 46 50 70 67 73 72 46 67 38 72 75 60 58
split_gain=26.5346 26.5021 20.1217 19.1201 23.6688 19.1556 19.8793 25.7326 25.2695 18.8043 18.9018 18.7707 17.2932 36.1593
threshold=0.22583809350708964 0.23771634099505087 -1.0986222923098883 0.36650586063186391 0.016080726590270374 0.52238421192746953 -0.16610385091805843 -0.27892762711033453 -0.31680302141856681 0.58724690661319356 0.039122543119417159 0.4510604332530862 0.20417057604385844 -5.368964286079839
decision_type=2 2 2 2 2 2 2 2 2 2 2 2 2 2
left_child=2 3 -1 4 -2 6 11 -8 -9 12 -11 -5 -10 -14
right_child=1 -3 -4 5 -6 -7 7 8 9 10 -12 -13 13 -15
leaf_value=0.033259818045063304 -0.039182159386472758 0.012492726841905624 0.00099085821230065737 -0.034811948033738889 -0.0025748249159018716 -0.021661256547979131 -0.023892005032367176 0.021273487244025124 -0.00085203164777668749 0.0036553995137580922 -0.030107888575010986 -0.0025935257560755743 -0.017306957054755941 0.014868251644315381
leaf_weight=35.857930824160576 26.383384600281715 121.33217200636864 33.609638929367065 27.845705613493919 38.944381773471832 39.239018097519875 37.477723598480225 52.039595618844032 859.90673895180225 24.848589614033699 34.867817610502243 38.514228016138077 37.709781304001808 166.24021516740322
leaf_count=146 107 491 136 113 157 158 152 209 3470 100 141 155 152 670
internal_value=-4.31009e-05 -0.000887643 0.017947 -0.00207208 -0.0177948 -0.00127687 -0.000631766 0.000245213 0.00103817 7.88601e-05 -0.0161557 -0.0164958 0.00100868 0.00884177
internal_weight=1574.82 1505.35 69.4676 1384.02 65.3278 1318.69 1279.45 1213.09 1175.61 1123.57 59.7164 66.3599 1063.86 203.95
internal_count=6357 6075 282 5584 264 5320 5162 4894 4742 4533 241 268 4292 822
is_linear=0
shrinkage=0.03


Tree=21
num_leaves=15
num_cat=0
split_feature=47 72 75 59 53 45 58 58 58 60 71 67 75 61
split_gain=26.4233 29.3456 25.9229 21.181 21.1383 30.2278 23.7779 32.2955 30.957 23.8306 30.0246 24.2378 22.8525 32.8497
threshold=0.2585653701011853 0.29847517360654569 0.22583809350708964 1.6020157725201412 -0.010833644754946191 0.25926032773410829 -9.014762428868357 -4.0470636781473983 -1.8433870188595243 0.15622753444280971 -0.025906804132806095 0.31949003015745897 0.36741001790775235 -0.020413162535436926
decision_type=2 2 2 2 2 2 2 2 2 2 2 2 2 2
left_child=1 2 -1 4 5 -4 -6 -8 -9 11 -11 -10 13 -7
right_child=-2 -3 3 -5 6 12 7 8 9 10 -12 -13 -14 -15
leaf_value=0.017388600589810239 0.01610488329012956 -0.031787600321597873 -0.016738218020913742 0.017850211464171623 0.020168089161346808 0.0010370458261989522 -0.021392290798795212 0.018237661704903239 -0.0071714049900018558 0.031777614604751703 -0.0018245192738719405 -0.031863852958584057 0.0010296543269615462 0.030261846308425901
leaf_weight=70.26205775141716 86.750088900327682 26.065969690680504 64.78146043419838 49.822055131196976 31.004142329096794 71.843253582715988 107.14560696482658 52.346410155296326 364.93754033744335 27.48698753118515 148.01637138426304 39.015576407313347 382.36445398628712 66.536001831293106
leaf_count=286 352 105 263 202 125 290 433 211 1473 111 596 158 1541 268
internal_value=0.000100713 -0.000830967 -0.000259909 -0.00115723 -0.00187184 0.00241673 -0.0051379 -0.00623157 -0.00362365 -0.00563431 0.00356291 -0.00964022 0.00483578 0.0152376
internal_weight=1588.38 1501.63 1475.56 1405.3 1355.48 585.525 769.953 738.948 631.803 579.456 175.503 403.953 520.744 138.379
internal_count=6414 6062 5957 5671 5469 2362 3107 2982 2549 2338 707 1631 2099 558
is_linear=0
shrinkage=0.03


Tree=22
num_leaves=15
num_cat=0
split_feature=52 19 52 57 59 54 14 57 38 45 3 14 67 29
split_gain=24.5502 18.874 33.472 22.8341 20.2886 27.0643 32.0772 25.1002 21.0894 18.9658 23.7987 22.4563 38.27 20.6929
threshold=-2.1155393862248544 1.0382596471166405 0.19545633537716392 -1.959597433838872 1.2272472762631417 0.093615968180430734 0.28890241093387387 2.2606751803944909 -0.11764672846436854 0.80300682719187677 -0.022845689621685313 -1.2402549829148819 -0.27681488643437058 -0.086226925189545847
decision_type=2 2 2 2 2 2 2 2 2 2 2 2 2 2
left_child=-1 2 3 -2 5 6 -4 -6 -7 10 -5 12 -12 -14
right_child=1 -3 4 9 7 8 -8 -9 -10 -11 11 -13 13 -15
leaf_value=-0.027748019046312307 0.029266587394886984 0.010498271805330844 -0.013841266227815948 0.0099226586112668991 0.031219059364261836 -0.0049115062046713245 0.0045421263311614104 -0.0084878810687474496 -0.032671879198309328 0.012965077054072472 0.013177754284674109 0.0017887443992178802 -0.0082347960085009109 -0.029477885542714539
leaf_weight=27.556027561426163 27.231292530894279 147.41447126865387 174.92759230732918 170.35186257958412 25.639089286327362 40.394892781972885 164.83544315397739 30.03002567589283 65.579777419567108 118.06073451042175 48.035927265882492 364.83241072297096 105.09339044988155 69.14176432788372
leaf_count=112 111 598 712 685 104 163 663 122 265 476 193 1472 425 280
internal_value=-0.000182274 0.000321955 -0.000749909 0.00269811 -0.00695979 -0.0090991 -0.00492223 0.00994842 -0.0222772 0.00183416 7.8504e-05 -0.0027822 -0.0102795 -0.0168105
internal_weight=1579.12 1551.57 1404.15 902.747 501.407 445.738 339.763 55.6691 105.975 875.516 757.455 587.103 222.271 174.235
internal_count=6381 6269 5671 3642 2029 1803 1375 226 428 3531 3055 2370 898 705
is_linear=0
shrinkage=0.03


Tree=23
num_leaves=15
num_cat=0
split_feature=75 47 53 54 54 4 75 13 61 54 61 38 57 50
split_gain=29.2154 24.4093 19.7802 30.2553 39.2675 28.6416 23.8945 20.5056 17.6502 19.835 34.6908 21.8294 18.9371 17.3265
threshold=0.23250764613409416 0.2585653701011853 -0.010833644754946191 -0.010134961472403779 0.00669874511569546 -0.042752644473124761 0.36741001790775235 -1.8866149882170178 -0.062870694583446796 0.097271120326438712 -0.024380786359744944 0.047024674806414653 0.35904385361310603 -3.9302218320054343
decision_type=2 2 2 2 2 2 2 2 2 2 2 2 2 2
left_child=-1 2 5 13 -5 -2 -7 -8 -6 10 -10 -12 -13 -4
right_child=1 -3 3 4 8 6 7 -9 9 -11 11 12 -14 -15
leaf_value=0.017191529775051485 -0.006274955423457379 0.013958853913005848 -0.034029417160646655 0.029473879518409477 0.013664561285944515 0.01965279262753656 0.01946863874323811 -0.0017404423636741499 -0.024429916559569491 -0.01073151062156423 -0.0075405773120566805 0.024260596544938583 0.00042250451631523647 -0.010442215007689545
leaf_weight=82.144831478595734 221.04410448670387 90.115860134363174 31.536502972245216 34.460449010133743 49.688957273960114 101.8359747081995 50.201492801308632 204.55513715744019 37.241432726383209 249.89002758264542 61.326701834797859 70.495131060481071 52.400412365794182 233.02605015039444
leaf_count=335 892 366 128 139 201 411 202 827 150 1010 247 284 211 944
internal_value=-0.000111837 -0.00108111 -0.00206331 -0.00505771 -0.00106516 0.00218144 0.00743886 0.00248113 -0.00314615 -0.004953 0.00156593 0.00694893 0.0142182 -0.0133884
internal_weight=1569.96 1487.82 1397.7 820.066 555.503 577.637 356.593 254.757 521.043 471.354 221.464 184.222 122.896 264.563
internal_count=6347 6012 5646 3314 2242 2332 1440 1029 2103 1902 892 742 495 1072
is_linear=0
shrinkage=0.03


Tree=24
num_leaves=15
num_cat=0
split_feature=29 71 55 72 71 59 52 51 71 75 3 60 71 71
split_gain=24.9381 24.7717 25.3334 22.0033 31.3657 33.2572 27.5414 27.4776 27.1953 26.1611 37.4991 34.407 30.6629 24.6421
threshold=0.46781142221047622 -0.4846550338621502 -2.5912190038100973 0.29847517360654569 0.20179273081116605 0.87240843149409686 0.19545633537716392 -1.6372065846006081 -0.3078389261820571 0.4976801999503177 -0.019047987162286614 -0.098659192260537737 -0.19651389522603996 -0.08207942652774454
decision_type=2 2 2 2 2 2 2 2 2 2 2 2 2 2
left_child=1 -1 -3 4 5 6 9 -6 -8 11 -11 -4 -13 -10
right_child=-2 2 3 -5 7 -7 8 -9 13 10 -12 12 -14 -15
leaf_value=0.021767867943526972 0.016311512305866551 -0.030670661084198761 0.019759413399993556 -0.02769796454986034 0.0010413334119743181 -0.021327863214185068 -0.033063362009336753 0.020521193273050787 0.0051888724028614011 0.012423633152954857 -0.010569920694539114 0.017387697915277268 -0.0061616063512646346 -0.01142615380018942
leaf_weight=41.768780156970024 80.48504351079464 25.132054373621941 136.08806602656841 25.968726500868797 165.13677127659321 77.921695485711098 33.595916569232941 107.34888312220573 129.06004336476326 88.446416914463043 221.46560679376125 69.847715020179749 166.06107223033905 208.64704318344593
leaf_count=168 328 101 549 105 667 316 137 434 522 356 897 282 671 847
internal_value=0.000146727 -0.000729964 -0.00139354 -0.000854621 -0.000335416 -0.00254085 -0.00112772 0.00877908 -0.00769387 0.00244703 -0.00397442 0.00780514 0.000835824 -0.0050666
internal_weight=1576.97 1496.49 1454.72 1429.59 1403.62 1131.13 1053.21 272.486 371.303 681.909 309.912 371.997 235.909 337.707
internal_count=6380 6052 5884 5783 5678 4577 4261 1101 1506 2755 1253 1502 953 1369
is_linear=0
shrinkage=0.03


Tree=25
num_leaves=15
num_cat=0
split_feature=15 15 75 72 57 75 73 55 74 56 53 44 75 72
split_gain=30.3587 32.7252 37.8517 36.4271 28.6747 33.3919 32.1988 23.3403 27.2497 25.9374 23.0287 22.702 39.0973 22.4127
threshold=0.36666837451053752 -2.3122262246078709 0.48991410401546204 -0.079903604286541086 2.4373066538893418 0.26870527001867367 0.51979930976571542 2.0417589192149346 0.91021354296807822 3.2388294229959711 -0.026181945691386762 0.25895456393400995 0.30724037007191751 -0.024702478906504056
decision_type=2 2 2 2 2 2 2 2 2 2 2 2 2 2
left_child=1 3 11 10 5 -2 7 9 -9 -7 -1 -3 -13 -4
right_child=4 2 13 -5 -6 6 -8 8 -10 -11 -12 12 -14 -15
leaf_value=-0.0016520562826751602 0.026105789914720064 -0.022260825732551004 -0.0034841405319766543 0.0076033376344662208 -0.021947027065310022 0.003829159619093666 -0.019232284546999861 0.035866741570316482 0.006072298455252409 -0.02432196085895633 -0.02341091436837163 -0.017622256885155865 0.016204906284054299 -0.029129199165288118
leaf_weight=122.4806253015995 60.720948174595833 37.31211131811142 42.512998178601265 269.44594122469425 36.415992960333824 487.42690970003605 52.790858522057533 42.351552695035934 78.932303160429001 30.325778409838676 67.710317596793175 47.161880195140839 83.929314106702805 116.17235924303532
leaf_count=494 247 152 173 1086 148 1967 213 173 320 123 276 190 338 478
internal_value=-0.000476398 -0.00464607 -0.0118841 0.000509563 0.00367636 0.00494974 0.0030514 0.00492646 0.0167214 0.00212791 -0.00950395 -0.00192032 0.00395977 -0.0223517
internal_weight=1575.69 786.726 327.089 459.637 788.964 752.548 691.827 639.037 121.284 517.753 190.191 168.403 131.091 158.685
internal_count=6378 3187 1331 1856 3191 3043 2796 2583 493 2090 770 680 528 651
is_linear=0
shrinkage=0.03


Tree=26
num_leaves=15
num_cat=0
split_feature=15 15 75 72 67 72 72 59 80 58 3 61 59 75
split_gain=26.0947 39.068 30.2503 26.7089 28.972 21.8978 19.3978 22.7392 29.2483 25.6188 20.1393 17.3272 34.0333 38.6621
threshold=0.10212178388144773 -1.7237105365921097 0.22583809350708964 -0.023611441167784443 -0.086683844571768767 0.29847517360654569 -0.079903604286541086 -0.3109776959297183 -0.011084858824949128 1.8095385007467504 -0.014218586600054371 -0.044205069291399758 0.88867932546679607 0.47058456366431073
decision_type=2 2 2 2 2 2 2 2 2 2 2 2 2 2
left_child=1 2 -1 4 -3 11 10 8 9 -8 -4 -2 -13 -14
right_child=5 3 6 -5 -6 -7 7 -9 -10 -11 -12 12 13 -15
leaf_value=0.025741076633279601 0.013557534050148248 -0.019714685086386567 0.00099038946058526735 -0.021292674332332121 0.019817463702719723 -0.018434265060420917 -0.0044417579786509903 -0.007497280944317895 0.030225518927600399 0.023443356288255744 -0.018551326099542988 0.0063695380224655495 -0.022011874435295228 0.0094252186421511629
leaf_weight=37.771111935377121 156.71476463973522 30.107438191771507 88.902995273470879 158.34144571423531 34.953829482197762 37.697214022278786 114.40882405638695 119.60858100652695 44.222943305969238 38.865368276834488 99.583630084991455 465.82574383914471 91.760248318314552 55.776290267705917
leaf_count=155 635 122 359 649 141 153 460 486 178 156 404 1883 373 226
internal_value=-0.000182306 -0.00414627 0.000194172 -0.014677 0.00143413 0.00357533 -0.00175251 0.00276672 0.00901195 0.00270596 -0.0093538 0.0046811 0.00238746 -0.0101133
internal_weight=1574.54 766.766 543.363 223.403 65.0613 807.774 505.592 317.106 197.497 153.274 188.487 770.077 613.362 147.537
internal_count=6380 3110 2198 912 263 3270 2043 1280 794 616 763 3117 2482 599
is_linear=0
shrinkage=0.03


Tree=27
num_leaves=15
num_cat=0
split_feature=52 75 71 15 71 52 71 71 58 57 61 80 38 38
split_gain=23.658 21.9683 21.1129 25.5801 32.495 22.4787 27.4514 26.1988 27.7089 26.2959 21.4814 23.2008 34.5586 31.453
threshold=-2.1155393862248544 0.23250764613409416 -0.4846550338621502 0.27951615009323522 -0.086193222730538602 -0.015897118465476961 -0.10446962578214895 -0.3078389261820571 -4.0470636781473983 -0.46321242801163515 -0.06810435258989922 0.038057230865860769 0.51641196550686785 -0.31022958778783238
decision_type=2 2 2 2 2 2 2 2 2 2 2 2 2 2
left_child=-1 -2 -3 5 -5 -4 7 -7 -9 -10 -6 12 -12 -13
right_child=1 2 3 4 10 6 -8 8 9 -11 11 13 -14 -15
leaf_value=-0.027534145817277238 0.015970420417240609 0.020693283414724293 -0.00049451620881972515 0.015641645293749385 0.016605523653359835 -0.022285608951148877 -0.022953911922588804 -0.01583489806852121 0.034919293446891195 -0.0031351713750143841 0.011223035280323692 -0.028251193481077502 -0.018598615711008855 -0.0028066896819387778
leaf_weight=25.694001227617264 81.922160074114799 42.464762046933174 413.74768401682377 150.98920787870884 62.686285689473152 42.975102722644806 111.03260637819767 34.411741316318512 33.806435346603394 30.145495444536209 182.33968238532543 51.548445284366608 42.184205666184425 265.63350600004196
leaf_count=105 336 171 1672 612 255 176 457 140 136 122 736 208 171 1076
internal_value=0.000462626 0.000948365 9.43448e-05 -0.000531962 0.00324169 -0.00481649 -0.0118544 -0.00300328 0.00551538 0.0171399 0.000115779 -0.00181121 0.00554248 -0.00703187
internal_weight=1571.58 1545.89 1463.97 1421.5 755.381 666.119 252.371 141.339 98.3637 63.9519 604.392 541.706 224.524 317.182
internal_count=6373 6268 5932 5761 3058 2703 1031 574 398 258 2446 2191 907 1284
is_linear=0
shrinkage=0.03


Tree=28
num_leaves=15
num_cat=0
split_feature=75 46 72 71 71 56 14 69 75 38 53 50 74 72
split_gain=22.3524 20.3962 22.8675 22.1656 32.3557 33.6596 32.8336 24.2441 22.3501 21.2815 23.0407 34.3014 21.3832 21.6904
threshold=0.22583809350708964 0.36337446414971208 0.29847517360654569 0.20179273081116605 -0.025906804132806095 0.73410859991768673 -2.3705770881919546 1.0000000180025095e-35 0.36499571220245203 0.29610796111189192 -0.0051120632796273205 -2.4532360166464477 0.8873289180241718 0.057886830062922105
decision_type=2 2 2 2 2 2 2 2 2 2 2 2 2 2
left_child=-1 2 3 4 5 -2 -6 -7 -9 10 11 -8 13 -11
right_child=1 -3 -4 -5 6 7 9 8 -10 12 -12 -13 -14 -15
leaf_value=0.0164410154998464 -0.0020219929373379332 0.023610429267347886 -0.027257071857467691 0.0071787041302686441 0.017176040431156319 0.026102940889070086 -0.026144327933674733 0.023578734874667422 -0.0084162941368002547 0.0026919713757125492 -0.024010705079293457 0.011655362379696093 0.014177826511353187 -0.033005610823355111
leaf_weight=71.434385597705841 614.39844673871994 29.59336431324482 28.56196428835392 267.06326787173748 36.631046712398529 72.505313336849213 36.860121846199036 28.827675819396973 56.449530988931656 34.922619849443436 157.04066470265388 49.25015689432621 45.834898397326469 25.81871984899044
leaf_count=294 2486 122 116 1082 148 294 151 117 228 141 640 201 185 105
internal_value=0.000165818 -0.000625254 -0.00113745 -0.000592247 -0.00239211 0.00115065 -0.00946903 0.0134681 0.00249529 -0.0123137 -0.0171976 -0.00458779 -0.00107318 -0.0126976
internal_weight=1555.19 1483.76 1454.16 1425.6 1158.54 772.181 386.358 157.783 85.2772 349.727 243.151 86.1103 106.576 60.7413
internal_count=6310 6016 5894 5778 4696 3125 1571 639 345 1423 992 352 431 246
is_linear=0
shrinkage=0.03


Tree=29
num_leaves=15
num_cat=0
split_feature=46 72 53 72 59 71 72 71 59 75 56 72 60 36
split_gain=20.7711 24.3199 24.4587 21.4451 22.967 19.2896 25.3655 21.2592 25.9603 30.238 22.9939 26.5669 22.6314 21.4608
threshold=-0.27892762711033453 -0.11132257852499884 -0.05752629997482827 0.29847517360654569 1.6545165166492717 -0.13326014030179115 0.089166743861376421 0.20179273081116605 1.0925364885991136 0.23250764613409416 2.6640360126382658 0.12740727489376305 -0.059881492942561058 -0.25622828800704239
decision_type=2 2 2 2 2 2 2 2 2 2 2 2 2 2
left_child=-1 2 -2 4 5 6 -3 8 9 -7 12 -12 13 -11
right_child=1 3 -4 -5 -6 7 -8 -9 -10 10 11 -13 -14 -15
leaf_value=-0.020688918623647155 0.0055125506308765192 0.0093021532127902321 -0.019750906993123232 -0.020912219470217874 0.023132756115185539 0.025786568655001143 -0.018553403722702037 0.0066640070115246983 -0.03168289512629191 0.019130383033498795 0.029408755377504169 -0.0078504388981245499 -0.010839410734905349 -0.0035575629404526136
leaf_weight=42.878453552722931 51.547017648816109 354.70306995511055 99.677957609295845 36.332920879125595 44.318716883659363 31.330146759748459 31.052836909890175 239.1351188570261 27.671340629458427 47.948561802506447 36.546151727437973 30.921391010284424 335.75010085105896 159.30531264841557
leaf_count=175 208 1437 407 148 182 129 126 969 113 194 148 127 1363 647
internal_value=-0.000337416 0.000244568 -0.0111303 0.00150603 0.002133 0.00139319 0.00700601 -0.0009899 -0.00373644 -0.00247711 -0.0039748 0.0124013 -0.00603684 0.00173638
internal_weight=1569.12 1526.24 151.225 1375.02 1338.68 1294.36 385.756 908.608 669.473 641.802 610.472 67.4675 543.004 207.254
internal_count=6373 6198 615 5583 5435 5253 1563 3690 2721 2608 2479 275 2204 841
is_linear=0
shrinkage=0.03


Tree=30
num_leaves=15
num_cat=0
split_feature=46 72 67 29 52 14 57 59 14 71 71 59 17 71
split_gain=20.6632 22.0943 22.9076 30.6509 23.0552 21.4445 21.1694 23.8657 22.0356 18.6904 17.7998 32.7669 24.9997 22.3913
threshold=-0.26861627713283814 -0.16610385091805843 -0.31680302141856681 -0.22368515622472945 -1.1076560708977481 -3.6792073793860207 2.4373066538893418 1.2661697955782862 6.1259978216785838 0.43484887513726017 -0.3078389261820571 -0.42568968704535609 -4.4912578482581322 -0.16744796745173743
decision_type=2 2 2 2 2 2 2 2 2 2 2 2 2 2
left_child=-1 5 3 -3 -4 -2 7 9 -9 10 -6 12 -12 -13
right_child=1 2 4 -5 6 -7 -8 8 -10 -11 11 13 -14 -15
leaf_value=-0.018439466010260641 0.0015479119048096815 -0.006422551478433308 -0.014585428178535653 0.035829321807681808 -0.010650020331267262 -0.033062529201013033 -0.020868303729565215 0.026815625207044631 -0.0046970684383516757 -0.02174918759910147 -0.0059375473363544066 0.011647100770381631 0.021517483999024058 -0.0014248625067116744
leaf_weight=51.336247831583023 30.37483075261116 25.002416685223579 82.595520213246346 37.735012829303741 94.00975975394249 32.553176313638687 35.455308124423027 62.795563116669655 28.359923526644707 30.188073873519897 38.15529303252697 138.77069672942162 126.78812845051289 752.63237702846527
leaf_count=210 123 101 337 153 382 133 145 258 115 122 156 563 512 3056
internal_value=9.05151e-05 0.00073295 0.0014945 0.0190837 0.000684089 -0.0165231 0.00166278 0.00231039 0.0170181 0.00115749 0.00178089 0.00290046 0.0151419 0.000615866
internal_weight=1566.75 1515.42 1452.49 62.7374 1389.75 62.928 1307.16 1271.7 91.1555 1180.54 1150.36 1056.35 164.943 891.403
internal_count=6366 6156 5900 254 5646 256 5309 5164 373 4791 4669 4287 668 3619
is_linear=0
shrinkage=0.03


Tree=31
num_leaves=15
num_cat=0
split_feature=19 51 67 71 72 71 72 17 38 59 60 38 58 50
split_gain=21.6231 21.4417 29.6603 25.9481 25.3747 19.6103 17.3611 27.3592 17.1372 15.0724 17.9143 17.6096 23.6038 16.3107
threshold=1.0382596471166405 -4.6092089889518162 -0.28061600769397821 -0.20034154548898434 -0.15884829921855248 0.34470698077152157 0.060631904721518019 -2.6738493214449068 0.57413185519675691 1.6020157725201412 0.35085027355922527 0.3642458561708814 1.2372847397212874 -5.1511124518565516
decision_type=2 2 2 2 2 2 2 2 2 2 2 2 2 2
left_child=1 6 3 -3 -4 -2 7 -1 9 10 11 13 -13 -6
right_child=5 2 4 -5 8 -7 -8 -9 -10 -11 -12 12 -14 -15
leaf_value=-0.030192744481036808 0.016833236457041465 0.0045536525645140076 -0.027177417384575565 0.037137496723909813 -0.019723518765315431 -0.0096081818529576216 -0.028491313572590611 0.0050604916488891181 -0.015497614835673971 0.017065312060998868 -0.022586495274093774 0.0233365585827278 -0.0074912581787643278 -0.00017500821655768803
leaf_weight=26.947204187512398 111.63845834136009 65.459880694746971 32.321982592344284 32.692822188138962 39.222479730844498 31.585663974285126 41.543281376361847 66.884213075041771 64.618374675512314 45.158709794282913 30.904463738203049 61.807728216052055 33.8107550740242 867.092683583498
leaf_count=109 457 265 133 133 162 128 170 270 262 187 125 250 137 3522
internal_value=-0.000116089 -0.00125099 -3.63718e-05 0.0157172 -0.00136848 0.0109446 -0.0125565 -0.00522796 -0.00061134 0.000290353 -0.000454542 0.000245468 0.0124245 -0.00104677
internal_weight=1551.69 1408.46 1273.09 98.1527 1174.94 143.224 135.375 93.8314 1142.62 1078 1032.84 1001.93 95.6185 906.315
internal_count=6310 5725 5176 398 4778 585 549 379 4645 4383 4196 4071 387 3684
is_linear=0
shrinkage=0.03


Tree=32
num_leaves=15
num_cat=0
split_feature=46 72 59 71 15 71 80 73 59 80 13 71 54 14
split_gain=18.1602 19.6767 21.2349 16.8505 32.5668 25.345 24.7503 23.4818 20.9505 21.6332 24.4734 20.7592 32.7564 22.5963
threshold=0.38002664077662107 0.29847517360654569 1.6020157725201412 -0.08207942652774454 -0.20992354239855374 -0.056521189645126681 -2.3407077141553878 0.52238421192746953 -0.42568968704535609 -0.53905540419739306 1.3221683896804899 0.20179273081116605 0.11380994780112542 -2.3705770881919546
decision_type=2 2 2 2 2 2 2 2 2 2 2 2 2 2
left_child=1 2 3 4 6 -5 -1 8 -7 10 -10 13 -13 -11
right_child=-2 -3 -4 5 -6 7 -8 -9 9 11 -12 12 -14 -15
leaf_value=0.027827342210581231 0.02445982180512378 -0.024056709702293733 0.018173660800419805 -0.020914390313598673 0.014252959385832839 0.016694072369443719 -0.0024553949621478415 -0.027420419146672311 -0.031468788902184464 0.0216678554014752 0.0025296217846539786 0.024050429438283432 -0.0017141142763601907 -0.0064764448356095178
leaf_weight=24.577519759535789 26.014493152499199 29.884651988744736 55.524598762392998 68.064881414175034 169.36225828528404 56.040319323539734 478.46564555168152 29.987182095646858 44.003133460879326 26.730348825454712 32.409257724881172 69.574039995670319 118.70045681297779 340.69087080657482
leaf_count=101 108 122 229 277 688 227 1941 121 181 108 131 282 481 1390
internal_value=7.26797e-05 -0.000350862 0.000129623 -0.000566155 0.0029145 -0.00354866 -0.00091465 -0.00186968 -0.000711567 -0.00228572 -0.0171443 -0.000207347 0.00785978 -0.00436344
internal_weight=1570.03 1544.02 1514.13 1458.61 672.405 786.2 503.043 718.136 688.148 632.108 76.4124 555.696 188.274 367.421
internal_count=6387 6279 6157 5928 2730 3198 2042 2921 2800 2573 312 2261 763 1498
is_linear=0
shrinkage=0.03


Tree=33
num_leaves=15
num_cat=0
split_feature=15 15 58 58 51 57 13 50 58 53 29 54 56 80
split_gain=20.5626 37.706 24.6223 48.5752 23.7323 26.9061 24.2817 21.963 18.4774 20.8139 36.0066 18.8694 29.4479 23.6685
threshold=0.36666837451053752 -1.8259969022122895 0.75472455792393245 -0.69200862138341879 -1.2118981965487261 2.397044948290318 0.27191340735427993 -3.9302218320054343 3.0673775317620615 0.0050066042835279498 0.019501446296030168 0.13774400025573288 3.1591064665407407 -0.54625435556659341
decision_type=2 2 2 2 2 2 2 2 2 2 2 2 2 2
left_child=1 7 3 -3 5 8 -6 -1 9 -2 -11 13 -13 -12
right_child=4 2 -4 -5 6 -7 -8 -9 -10 10 11 12 -14 -15
leaf_value=-0.011096109901888857 0.021389545566378447 -0.018514575387063862 -0.021024097720546635 0.022679811044650101 0.02306299752412758 -0.026177754349097006 0.0038983072601958733 0.0041020603398084316 -0.0067683576202123624 -0.02418904518202003 -0.012467953092570129 -0.029551168575988416 0.0075776792921778474 0.01784733711980371
leaf_weight=106.31138096749783 59.5810666680336 63.092904850840569 145.90393798053265 42.054148018360138 91.701560363173485 32.899163737893105 169.66504517197609 420.64617381989956 164.93880450725555 39.529465079307556 27.266226232051849 28.125290974974632 55.435463443398476 129.24665725231171
leaf_count=432 242 257 603 171 372 135 689 1709 670 160 111 114 227 526
internal_value=-7.13601e-05 -0.00354276 -0.0130875 -0.00193781 0.00330599 -0.000298328 0.0107017 0.00101216 0.00143014 0.00543832 0.0019591 0.00636568 -0.00506779 0.0124919
internal_weight=1576.4 778.009 251.051 105.147 798.389 537.022 261.367 526.958 504.123 339.184 279.603 240.074 83.5608 156.513
internal_count=6418 3172 1031 428 3246 2185 1061 2141 2050 1380 1138 978 341 637
is_linear=0
shrinkage=0.03


Tree=34
num_leaves=15
num_cat=0
split_feature=46 71 15 14 15 75 75 11 58 75 37 13 80 71
split_gain=25.2178 16.4342 17.0198 22.4322 21.8532 24.2571 27.2583 27.5308 20.9603 19.9527 19.2534 24.3361 19.1172 26.6593
threshold=0.36337446414971208 -0.53776319161471109 0.36666837451053752 1.1589842644003225 -1.6533889459043889 0.4976801999503177 0.30724037007191751 -0.16253767643410991 2.706293369913769 0.22583809350708964 -0.004147633554827136 1.2504471491285287 -0.8000644580378341 0.068540900473024427
decision_type=2 2 2 2 2 2 2 2 2 2 2 2 2 2
left_child=1 -1 4 -4 9 6 -6 -8 10 -3 11 -5 -11 -14
right_child=-2 2 3 8 5 -7 7 -9 -10 12 -12 -13 13 -15
leaf_value=0.024539184447424447 0.026891283528594392 0.02054172274296838 0.011325539200437636 0.00018905666521695417 -0.024679904676324343 -0.022205392875836654 -0.014833106159216541 0.019515563109820198 -0.0081879129703974381 -0.013768814905114076 0.00057363505472021465 0.037616919922177049 -0.0014151265529855016 0.02849689903016242
leaf_weight=22.379631564021111 30.045495972037315 36.198294311761856 188.17490540444851 31.789707288146019 34.597945362329483 105.51880297064781 32.944814279675484 53.978400871157646 207.20901399850845 101.69736030697823 302.0925794839859 30.258463904261589 368.94715371727943 27.904067352414131
leaf_count=90 125 151 763 129 140 441 135 218 843 412 1229 124 1498 114
internal_value=0.000118765 -0.000416478 -0.000802429 0.00237023 -0.00397053 -0.0117476 -0.00252305 0.00642524 -0.000585982 -0.000644427 0.00373804 0.0188197 -0.00222975 0.000743128
internal_weight=1573.74 1543.69 1521.31 759.525 761.787 227.04 121.521 86.9232 571.35 534.747 364.141 62.0482 498.549 396.851
internal_count=6412 6287 6197 3088 3109 934 493 353 2325 2175 1482 253 2024 1612
is_linear=0
shrinkage=0.03


Tree=35
num_leaves=15
num_cat=0
split_feature=73 73 52 13 71 75 13 72 74 70 50 35 72 75
split_gain=18.4414 29.9353 16.895 32.4615 17.9454 20.4113 35.3208 28.0645 27.6007 24.0552 18.4317 23.1818 18.2307 17.2381
threshold=0.51979930976571542 0.50762423432909198 0.4432911551396766 1.3221683896804899 0.32508609488086182 0.56122328724484294 -1.6349306509637471 -0.15884829921855248 0.83634252109225138 0.84065171636580116 -4.3973891429849745 0.870771057321021 0.0098642384001901961 0.3717462333894816
decision_type=2 2 2 2 2 2 2 2 2 2 2 2 2 2
left_child=1 2 4 -4 5 7 -7 -1 10 -8 -9 -12 -11 -5
right_child=-2 -3 3 13 -6 6 9 8 -10 12 11 -13 -14 -15
leaf_value=-0.021298813365891157 -0.015683254813698793 0.012116941166753976 -0.01540006735711681 -0.019106790393108874 0.014768694702943959 0.0045703621431081093 -0.032085176457859285 -0.011696157062744298 -0.014336535967766136 0.006237603250099851 0.015780061333820344 0.0020634427037531373 -0.01805679163487962 0.0072349547134006355
leaf_weight=39.865943029522896 68.953607305884361 164.20618480443954 190.51453195512295 25.752486452460289 73.446395486593246 133.25638397037983 55.381318643689156 42.883557870984077 61.319907486438751 46.931214556097984 213.6156437844038 231.94728298485279 65.100381791591644 134.19123317301273
leaf_count=163 280 670 783 106 300 541 229 175 249 191 868 940 268 547
internal_value=-0.000631636 7.74611e-05 -0.00143148 -0.00706311 0.00061694 -0.000560735 -0.00691316 0.00267714 0.00445942 -0.0160533 0.00685275 0.00867027 -0.00787466 0.00287335
internal_weight=1547.37 1478.41 1314.21 350.458 963.748 890.302 300.669 589.632 549.766 167.413 488.446 445.563 112.032 159.944
internal_count=6310 6030 5360 1436 3924 3624 1229 2395 2232 688 1983 1808 459 653
is_linear=0
shrinkage=0.03


Tree=36
num_leaves=15
num_cat=0
split_feature=38 52 72 59 15 72 53 15 55 57 72 58 13 61
split_gain=16.4269 17.0928 17.6388 19.9136 32.463 21.1116 26.1596 19.0169 18.764 17.0709 16.7163 16.6764 21.263 27.5946
threshold=0.66229962694023803 -2.1155393862248544 -0.16610385091805843 -0.37076137679495552 0.10212178388144773 1.0000000180025095e-35 -0.032477870630120968 -2.5031218356614859 -1.7572824465389496 2.4373066538893418 -0.10110874014655587 -7.5137306536761086 -0.84883567141951632 -0.029550717865517204
decision_type=2 2 2 2 2 2 2 2 2 2 2 2 2 2
left_child=1 -1 8 10 5 6 -5 -7 -3 -6 -4 -12 13 -13
right_child=-2 2 3 4 9 7 -8 -9 -10 -11 11 12 -14 -15
leaf_value=-0.023552371479391477 -0.01553045936273637 0.0070326622536559715 -0.0039934353136871562 0.013711641604343129 0.0044200772196416986 0.0018735314977053033 -0.010800869914327851 -0.021257150781512493 -0.024751035681353516 -0.016273953347445275 0.032823086809703715 -0.0026464802046907965 0.00041899071302376763 0.028998682827479815
leaf_weight=24.622643038630486 57.061553493142128 25.301666468381882 77.185146421194077 68.442713364958763 698.72055406868458 42.216888234019279 88.912923961877823 124.89308944344521 45.302616730332375 36.766211792826653 29.365193843841553 36.536837741732597 123.88403455913067 73.626339092850685
leaf_count=102 233 102 315 277 2845 171 365 519 187 151 120 147 504 298
internal_value=0.000122489 0.000732608 0.00115784 0.00190189 -0.000123861 -0.00801813 -9.134e-05 -0.0154105 -0.0133591 0.0033588 0.00820118 0.0117931 0.00900692 0.0185333
internal_weight=1552.84 1495.78 1471.15 1400.55 1059.95 324.466 157.356 167.11 70.6043 735.487 340.598 263.412 234.047 110.163
internal_count=6336 6103 6001 5712 4328 1332 642 690 289 2996 1384 1069 949 445
is_linear=0
shrinkage=0.03


Tree=37
num_leaves=15
num_cat=0
split_feature=46 72 67 74 75 52 75 2 58 17 75 58 38 70
split_gain=17.955 16.604 16.9385 30.9872 18.0719 18.0208 21.6729 33.5013 23.255 27.7983 43.2307 27.1747 23.7667 22.9178
threshold=0.38002664077662107 0.29847517360654569 0.43234496965808011 0.96147568556109853 0.45001031434598787 0.14896056302585245 0.47913758449384231 -0.014553290290419517 -0.58880530673129505 -2.5468626661189986 0.40450756172039987 0.37116067328399621 -0.057546465901204831 1.0605048712082825
decision_type=2 2 2 2 2 2 2 2 2 2 2 2 2 2
left_child=1 2 5 4 -4 6 8 -8 9 12 -11 -10 -1 -9
right_child=-2 -3 3 -5 -6 -7 7 13 11 10 -12 -13 -14 -15
leaf_value=0.026706092155951665 0.024643748948288722 -0.022567806234333611 0.0010485385739822757 -0.014700571308307181 0.033086278585207823 -0.0049914118945278254 0.010606978440100147 -0.01590445921954577 0.035381005774244544 -0.032639216890433281 0.014539454064183426 0.0078967957557317323 -0.0056491185328544557 0.0010217957166411577
leaf_weight=36.785453528165817 25.206836923956871 28.816772401332855 24.240235939621925 27.263450637459755 46.824814468622208 558.06701761484146 114.14037047326565 163.26141238212585 36.434774234890938 48.280079856514931 26.20801255106926 256.64153511822224 43.501405373215675 127.12045694887638
leaf_count=150 106 118 100 111 195 2283 462 669 148 195 106 1043 179 517
internal_value=1.80944e-05 -0.000398443 3.66681e-05 0.0120139 0.0223869 -0.000803053 0.00193652 -0.00308561 0.00647956 -0.00289305 -0.0160075 0.0114376 0.00926605 -0.00850113
internal_weight=1562.79 1537.59 1508.77 98.3285 71.0651 1410.44 852.374 404.522 447.851 154.775 74.4881 293.076 80.2869 290.382
internal_count=6382 6276 6158 406 295 5752 3469 1648 1821 630 301 1191 329 1186
is_linear=0
shrinkage=0.03


Tree=38
num_leaves=15
num_cat=0
split_feature=47 2 45 71 38 57 61 53 57 67 58 51 80 69
split_gain=18.5053 15.1464 26.8999 20.2885 30.2356 25.9735 24.4894 37.1482 26.0063 20.8366 19.3256 22.203 19.2354 23.8853
threshold=0.34010993026545527 0.022409156019046254 0.77955562349203944 0.20179273081116605 0.48115401379415951 2.0393229805602764 -0.035086722804039135 -0.0044731297008633311 -0.67842725320869046 -0.35549479584459726 0.63593846177838842 -2.2545616306369212 0.47507628339234359 1.0000000180025095e-35
decision_type=2 2 2 2 2 2 2 2 2 2 2 2 2 2
left_child=1 3 -3 5 -5 6 7 8 -1 -8 -10 -12 13 -11
right_child=-2 2 -4 4 -6 -7 9 -9 10 12 11 -13 -14 -15
leaf_value=-0.020191098791107802 0.023330105436452652 -0.012628224815515621 0.010307113493606945 0.012292148050186106 -0.021552149580275105 -0.030663736959935954 0.023224422966289772 -0.031195448404934562 0.023043342140766497 0.0013233720099087309 -0.01191523158953714 0.020824418521051682 0.0091486883368147795 -0.015080888314392971
leaf_weight=50.045236349105835 29.625009581446648 186.66135138273239 59.9324039965868 224.31606444716454 25.554525718092918 24.508920013904572 40.401811435818672 50.154912903904915 37.10652719438076 440.56314222514629 63.537072271108627 25.185591951012611 204.52626825869083 96.461209058761597
leaf_count=203 124 760 244 918 104 101 165 207 150 1799 260 103 833 397
internal_value=0.000238623 -0.000220812 -0.00701671 0.00108696 0.00874081 -0.000767643 -6.59368e-06 -0.00868625 -0.00210167 0.00250447 0.00515991 -0.0024428 0.00133977 -0.00163738
internal_weight=1558.58 1528.96 246.594 1282.36 249.871 1032.49 1007.98 226.029 175.874 781.952 125.829 88.7227 741.551 537.024
internal_count=6368 6244 1004 5240 1022 4218 4117 923 716 3194 513 363 3029 2196
is_linear=0
shrinkage=0.03


Tree=39
num_leaves=15
num_cat=0
split_feature=46 72 71 57 58 80 29 52 75 46 19 45 20 11
split_gain=14.7407 16.604 22.9771 31.3728 23.975 32.0664 24.5506 19.8134 20.8907 20.5582 20.4907 19.5633 19.3367 18.7118
threshold=0.23240497408543617 0.29847517360654569 0.20179273081116605 2.0393229805602764 3.8549121278012417 -0.40781725404276764 0.27930984305938461 0.14896056302585245 0.27328879188272853 -0.16147315171282089 -0.13477455826847076 0.80300682719187677 -0.061586415918490116 -0.59477436231639524
decision_type=2 2 2 2 2 2 2 2 2 2 2 2 2 2
left_child=1 2 3 7 5 -4 -7 8 10 -9 -1 13 -6 -10
right_child=-2 -3 4 -5 12 6 -8 9 11 -11 -12 -13 -14 -15
leaf_value=0.034626771883916864 0.0097215222897785308 -0.02482158299001121 -0.010887826221600292 -0.03454480068361078 0.0068817931255940141 0.023110531719626098 -0.0089533769527415756 -0.023346842213915982 0.0072712598449056398 -0.0040174074955787887 0.0029858286160766505 0.015134451955789647 -0.027915757241297825 -0.0053699182550392141
leaf_weight=31.113129571080208 126.3330242484808 24.718421101570129 41.970567435026169 25.591343700885773 29.189968198537827 139.00264185667038 24.616557270288467 56.57544769346714 140.66409201920033 367.70011015236378 44.514771237969398 65.242431879043579 26.452974170446396 409.13424687087536
leaf_count=131 519 102 170 106 119 570 100 236 569 1504 182 264 108 1669
internal_value=-5.57958e-05 -0.000931054 -0.000489172 -0.00233143 0.00751514 0.0122432 0.0182341 -0.00155771 0.00157171 -0.00665433 0.0163436 -0.00026097 -0.0097825 -0.00212022
internal_weight=1552.82 1426.49 1401.77 1140.54 261.233 205.59 163.619 1114.94 690.669 424.276 75.6279 615.041 55.6429 549.798
internal_count=6349 5830 5728 4661 1067 840 670 4555 2815 1740 313 2502 227 2238
is_linear=0
shrinkage=0.03


Tree=40
num_leaves=15
num_cat=0
split_feature=47 50 67 12 55 15 34 36 52 37 60 14 29 36
split_gain=17.7644 16.2292 24.4375 24.4322 22.886 24.437 19.5686 15.7035 14.2357 19.495 17.8518 14.7306 26.5545 18.6562
threshold=0.2585653701011853 -4.1584264799781367 -0.28061600769397821 -1.6361740489711363 0.83330817710413541 4.5704344255899523 0.12131589861153499 0.40202163041471989 0.21039432261889507 -0.14809429380002148 0.20417057604385844 -1.4049159824392536 -0.056481304788232829 0.080498281085212189
decision_type=2 2 2 2 2 2 2 2 2 2 2 2 2 2
left_child=1 4 3 -3 6 -6 -1 8 9 -4 -10 12 -11 -13
right_child=-2 2 7 -5 5 -7 -8 -9 10 11 -12 13 -14 -15
leaf_value=-0.022422366832046323 0.013304496432338433 -0.0076162433765741624 0.022604864602099636 0.023826967343920084 0.028569741845004229 -0.0061610256893491018 0.002573780735605536 -0.019434380189225785 -0.0076948752727523965 0.00077547150418633603 0.0050485368402997935 0.011165961056691676 -0.026309157275308529 -0.0016591549797217156
leaf_weight=97.23716014623642 91.711736768484116 30.478470548987389 42.954034775495529 75.789758995175362 25.358819767832756 57.970049545168877 38.830668196082115 35.957997336983681 308.55281457304955 156.08443827927113 144.15145307779312 216.01563666760921 40.059859022498131 191.31488485634327
leaf_count=401 379 123 174 310 104 236 159 146 1270 635 589 882 164 780
internal_value=0.000569552 -0.000235472 0.00109247 0.01478 -0.00774034 0.00456841 -0.0152895 -0.000196882 0.000445473 0.00330422 -0.00362498 0.00188787 -0.00483877 0.00514193
internal_weight=1552.47 1460.76 1241.36 106.268 219.397 83.3289 136.068 1135.09 1099.13 646.429 452.704 603.475 196.144 407.331
internal_count=6352 5973 5073 433 900 340 560 4640 4494 2635 1859 2461 799 1662
is_linear=0
shrinkage=0.03


Tree=41
num_leaves=15
num_cat=0
split_feature=72 72 67 14 59 58 19 53 2 50 20 19 75 71
split_gain=16.9998 29.7802 39.2984 29.7748 31.2277 41.7673 29.6344 24.6058 23.7272 22.0768 21.9473 19.7662 19.7553 18.9468
threshold=-0.090065799607085648 -0.042010164293260654 -0.29345823615557842 -1.2402549829148819 -0.26633087357155277 2.6731296164282417 -0.018633521348788384 -0.055049163120507665 0.015651642238087685 -0.76717611197542823 0.077508188201412129 1.0382596471166405 0.23250764613409416 0.32052102529473142
decision_type=2 2 2 2 2 2 2 2 2 2 2 2 2 2
left_child=7 9 -3 4 5 10 8 -1 -5 -2 -4 12 -8 -13
right_child=1 2 3 6 -6 -7 11 -9 -10 -11 -12 13 -14 -15
leaf_value=0.0033422140507813891 0.017828087598469884 0.03031239182619239 -0.00155409951173075 0.016926519558419839 -0.022003001925421616 0.026491690540679225 0.017106645604788112 -0.017220766884896169 -0.0046500828867988963 -0.01064012729431996 -0.035200620487686844 0.013960009624057119 -0.0064365522339279377 -0.0096590668737683641
leaf_weight=91.388139858841896 135.15704582631588 34.306214556097984 56.504449710249901 149.38682372868061 119.47826577723026 35.477788105607033 33.153198048472404 119.84953284263611 65.06245131790638 28.987147182226181 24.508835047483444 107.11861658096313 517.10255159437656 41.5715561658144
leaf_count=371 549 140 229 613 499 143 137 493 265 118 100 443 2114 170
internal_value=-0.000435674 0.000803421 -0.000857357 -0.00181716 -0.0112939 -0.000178194 0.000635849 -0.00832953 0.0103682 0.0127395 -0.0120931 -0.00235434 -0.00498144 0.00730599
internal_weight=1559.05 1347.81 1183.67 1149.36 235.969 116.491 913.395 211.238 214.449 164.144 81.0133 698.946 550.256 148.69
internal_count=6384 5520 4853 4713 971 472 3742 864 878 667 329 2864 2251 613
is_linear=0
shrinkage=0.03


Tree=42
num_leaves=15
num_cat=0
split_feature=46 29 2 45 57 56 12 52 52 51 46 70 21 46
split_gain=18.0864 16.2013 17.2682 17.0628 13.5471 21.0236 17.1349 14.5454 19.1041 17.1196 16.2939 18.4738 17.8168 17.3004
threshold=-0.27892762711033453 0.45881937104287168 0.022409156019046254 0.75842965039378896 2.4373066538893418 3.9454842989616208 0.85860604698160481 0.2157188101520143 -0.8585684630724767 -5.0643175555469062 0.012677757850620504 0.9714235591674828 0.019832378497154201 0.05673500980533603
decision_type=2 2 2 2 2 2 2 2 2 2 2 2 2 2
left_child=-1 2 4 -4 5 7 -7 8 -2 -9 11 -10 -13 -12
right_child=1 -3 3 -5 -6 6 -8 9 10 -11 13 12 -14 -15
leaf_value=-0.019009079532455675 -0.0064997733991741706 0.013354722782639279 -0.013710900784873426 0.006781561928907367 -0.018485032028498175 0.028553803543021831 -0.0021350978883039069 0.011238103522455 0.016305459974485445 -0.0064298060132613327 -0.014243246649429423 -0.0059895778604000909 0.014527282228947102 0.004332581814277715
leaf_weight=43.249533802270889 146.63077658414841 81.75538581609726 145.40107350051403 47.729191824793816 30.218807980418205 44.007269844412804 25.121879160404205 56.264418497681618 180.91107484698296 353.21340838074684 60.090806677937508 94.215068608522415 62.398585677146912 171.45390720665455
leaf_count=179 603 339 592 194 125 185 103 231 741 1452 245 383 254 698
internal_value=-0.000103763 0.000450855 -0.000299021 -0.00861448 0.00101477 0.00152697 0.0174657 0.000529088 0.00311124 -0.00396972 0.00560264 0.00979797 0.00219658 -0.000509411
internal_weight=1542.66 1499.41 1417.66 193.13 1224.53 1194.31 69.1291 1125.18 715.7 409.478 569.069 337.525 156.614 231.545
internal_count=6324 6145 5806 786 5020 4895 288 4607 2924 1683 2321 1378 637 943
is_linear=0
shrinkage=0.03


Tree=43
num_leaves=15
num_cat=0
split_feature=38 38 53 50 75 52 21 54 54 67 1 29 17 70
split_gain=16.8892 22.6087 27.3893 29.6771 22.5492 20.9073 21.853 20.9818 19.9246 18.4651 18.3437 18.1793 20.3354 16.4247
threshold=0.54551841181871785 0.3556772307321881 0.11768273302877842 -3.9302218320054343 0.69935928332828956 0.19545633537716392 0.045810987069899479 0.19285294529291444 0.14387398815175348 0.29843972379696809 -0.0096184512629449142 -0.064919509125283589 -3.594882439739453 0.83401473516616276
decision_type=2 2 2 2 2 2 2 2 2 2 2 2 2 2
left_child=1 2 3 10 -3 11 7 9 -2 -7 -1 12 -5 -14
right_child=8 4 -4 5 -6 6 -8 -9 -10 -11 -12 -13 13 -15
leaf_value=0.0058528197556436097 -0.0041252757315929992 0.01774547142661612 0.024810631465032207 0.028719622088636744 -0.0082860493690040792 -0.0020941928203685746 -0.021153090311523754 0.017191414485628859 -0.03332728255419045 -0.027450011924823138 -0.016868259364384932 -0.00077578106678122098 0.01753346174141392 0.0014480628787932766
leaf_weight=39.642341837286949 94.19820798933506 121.95250581204891 36.416509792208672 40.559449285268784 38.663371473550797 240.05633251368999 61.32948625087738 44.353790804743767 26.399800375103951 28.084311589598656 150.63818714022636 351.65423578023911 79.791912838816643 198.3074264973402
leaf_count=162 387 500 151 168 159 988 254 185 108 115 622 1435 325 805
internal_value=-3.93695e-05 0.000868957 -0.000471336 -0.0012403 0.0114388 0.000745082 -0.00492618 -0.00166985 -0.0107763 -0.00485874 -0.0121053 0.00391719 0.0090964 0.00612567
internal_weight=1552.05 1431.45 1270.83 1234.42 160.616 1044.14 373.824 312.494 120.598 268.141 190.281 670.313 318.659 278.099
internal_count=6364 5869 5210 5059 659 4275 1542 1288 495 1103 784 2733 1298 1130
is_linear=0
shrinkage=0.03


Tree=44
num_leaves=15
num_cat=0
split_feature=72 59 57 58 15 72 50 71 54 50 51 58 11 44
split_gain=16.7 22.1313 27.159 23.2805 21.3159 25.8781 27.7273 22.7264 21.1027 19.4174 23.7687 30.2697 20.3154 18.5785
threshold=-0.090065799607085648 -0.42568968704535609 -0.31193620164508901 -6.5474349446656008 0.10212178388144773 -0.002411471568025242 -1.04897845190454 -0.08832221252285273 0.012423444188411461 -6.2392606293278456 -1.3271374793354815 3.0673775317620615 0.37742216695907954 0.78930977884515319
decision_type=2 2 2 2 2 2 2 2 2 2 2 2 2 2
left_child=-1 2 3 -2 5 6 8 13 -3 -9 11 -11 -12 -6
right_child=1 4 -4 -5 7 -7 -8 9 -10 10 12 -13 -14 -15
leaf_value=-0.0080197534712893714 0.02465271800835217 0.018202480840717791 0.034157235132030887 -0.00067691715979795847 0.022359067761741583 -0.013975096480124075 -0.01659909027359404 0.019642071674575278 -0.012800355703180383 0.00040348710285254946 0.013085941021778031 -0.017292653430899887 -0.0053965455023444924 1.955926831630626e-05
leaf_weight=212.03341430425644 41.271024480462074 81.746786564588547 33.667300313711166 141.9903177022934 80.148683086037636 196.86716514825821 46.777508363127708 40.060545474290848 24.993626311421394 225.0313795208931 137.92611466348171 140.28749360144138 85.928968876600266 57.757302835583687
leaf_count=869 171 336 136 579 328 820 191 168 103 920 564 575 349 237
internal_value=-0.000217087 0.0010244 0.00977128 0.00510581 -0.0006767 -0.00679968 0.00240364 0.00211927 0.0108499 -0.000297759 -0.00169217 -0.00640845 0.0059788 0.0131028
internal_weight=1546.49 1334.45 216.929 183.261 1117.53 350.385 153.518 767.14 106.74 629.235 589.174 365.319 223.855 137.906
internal_count=6346 5477 886 750 4591 1450 630 3141 439 2576 2408 1495 913 565
is_linear=0
shrinkage=0.03


Tree=45
num_leaves=15
num_cat=0
split_feature=72 72 46 73 56 59 59 15 17 18 47 38 80 14
split_gain=16.6807 25.9262 22.2136 20.6263 19.6539 23.9803 25.5257 25.6079 23.6758 22.2213 23.6941 22.7863 20.9846 25.8334
threshold=-0.08518992933439816 -0.042010164293260654 -0.26102679150232083 0.47393115457341456 -2.386657375847093 -0.74852616541778105 -0.42568968704535609 0.27951615009323522 -0.54971748259873376 -0.11097163609106538 -0.061658573817150834 -0.48782268411205071 1.2716014924908052 2.003705031599706
decision_type=2 2 2 2 2 2 2 2 2 2 2 2 2 2
left_child=-1 3 -3 -2 -4 -6 -7 8 -8 11 -11 -9 -12 -14
right_child=1 2 4 -5 5 6 7 9 -10 10 12 -13 13 -15
leaf_value=-0.0079622879332191185 -0.0090159469869333323 -0.028898723442390847 0.019132683885759841 0.017599433501296113 -0.02623391087676628 0.014628057878283888 -0.0028480037794828546 -0.0068887332194290159 -0.021748549802149741 -0.02386244674563566 0.0031389446499820381 0.021311003429135229 0.011376947883960627 -0.022479507211723464
leaf_weight=222.10703858733177 32.003630355000496 23.508683383464813 45.218373239040375 127.53280222415924 31.473199188709259 95.862045720219612 170.43341916799545 35.752432405948639 91.639683917164803 37.131303876638412 474.69444121420383 86.180744245648384 28.163090690970421 65.992255449295044
leaf_count=910 130 100 186 520 129 390 700 146 389 151 1945 353 116 273
internal_value=-0.000362763 0.00089328 -0.000634066 0.0122094 -3.429e-05 -0.000830422 -6.65045e-05 -0.00150727 -0.00953165 0.00138471 -0.000966082 0.0130171 0.000559819 -0.0122922
internal_weight=1567.69 1345.59 1186.05 159.536 1162.54 1117.32 1085.85 989.987 262.073 727.914 605.981 121.933 568.85 94.1553
internal_count=6438 5528 4878 650 4778 4592 4463 4073 1089 2984 2485 499 2334 389
is_linear=0
shrinkage=0.03


Tree=46
num_leaves=15
num_cat=0
split_feature=75 70 67 73 47 71 71 46 72 14 58 14 71 71
split_gain=14.7411 15.9475 23.2437 15.4041 17.7951 14.016 19.9528 16.0993 15.9209 16.2109 24.5495 14.8576 28.4016 28.5185
threshold=0.23250764613409416 0.36650586063186391 1.0000000180025095e-35 0.52238421192746953 0.2585653701011853 -0.4846550338621502 -0.42545926913773569 -0.27892762711033453 -0.16610385091805843 -2.8987090374858977 -2.934393770777882 -1.4049159824392536 -0.077565006552922755 0.20179273081116605
decision_type=2 2 2 2 2 2 2 2 2 2 2 2 2 2
left_child=-1 2 -2 4 5 -3 -7 -8 -9 10 -10 -11 -13 -14
right_child=1 3 -4 -5 -6 6 7 8 9 11 -12 12 13 -15
leaf_value=0.013223149984216299 -0.037741556976917244 0.017870350554097691 -0.00080331226480097101 -0.014641291161628172 0.014709020107045586 -0.026010175248479851 -0.018059463078231218 -0.016623254829727249 -0.014516308185225179 -0.007063306436738301 0.018017349487538192 0.01068293735359519 -0.0074322965833219937 0.0064595002112384885
leaf_weight=73.491024598479271 23.911218151450157 37.399026960134506 40.659351333975792 59.077317923307419 77.880668684840202 26.06202994287014 41.669557645916939 44.811735183000565 25.231587260961533 204.56275682151318 101.85201536118984 235.7461012005806 323.98566716909409 223.94914810359478
leaf_count=308 100 152 166 241 325 108 174 186 103 842 413 963 1328 921
internal_value=0.000202027 -0.000455869 -0.0149176 0.000217021 0.000884305 1.88598e-05 -0.000535307 3.45572e-05 0.000703322 0.00141777 0.01146 0.00011156 0.00199675 -0.00174489
internal_weight=1540.29 1466.8 64.5706 1402.23 1343.15 1265.27 1227.87 1201.81 1160.14 1115.33 127.084 988.244 783.681 547.935
internal_count=6330 6022 266 5756 5515 5190 5038 4930 4756 4570 516 4054 3212 2249
is_linear=0
shrinkage=0.03


Tree=47
num_leaves=15
num_cat=0
split_feature=29 72 2 71 71 60 59 72 72 54 73 50 38 69
split_gain=19.7112 19.0663 16.5247 21.452 22.7457 26.7568 25.26 22.9213 21.6506 24.1883 20.2899 19.413 18.735 16.9564
threshold=0.45881937104287168 0.29847517360654569 0.022409156019046254 0.20179273081116605 -0.025906804132806095 -0.15535988296701311 -0.27633931615012469 -0.084342646687965386 -0.042010164293260654 -0.06684623965721935 0.5056568786578467 -2.9967103531471131 0.14693587202787181 1.0000000180025095e-35
decision_type=2 2 2 2 2 2 2 2 2 2 2 2 2 2
left_child=1 2 3 4 7 -6 -7 12 9 -9 -8 -4 -1 -10
right_child=-2 -3 11 -5 5 6 10 8 13 -11 -12 -13 -14 -15
leaf_value=-0.0024183107781656898 0.01437116336992472 -0.025294281167084688 -0.023778314197939444 0.0094097776450343881 0.011588717212298701 0.012257242550238301 -0.018061384546586828 -0.0033336735596850124 0.0066810237997938131 0.030409437610502309 0.0067387862826240085 -0.0024695047675196984 -0.028542298540247837 -0.0069399734177097187
leaf_weight=164.38218049705029 81.716775745153427 26.790942117571831 52.247259229421616 225.98619109392166 55.517650350928307 35.459621801972389 206.83580873906612 27.803994029760361 291.89593389630318 57.452629148960114 33.816184878349304 141.91860470175743 28.24464638531208 113.19113516807556
leaf_count=675 341 111 214 931 230 145 860 113 1193 234 138 579 117 468
internal_value=0.000121403 -0.000681524 -0.000201501 0.00107102 -0.000789314 -0.00722673 -0.0110544 0.00233591 0.00578282 0.0194419 -0.0145444 -0.00831892 -0.00639971 0.00285619
internal_weight=1543.26 1461.54 1434.75 1240.59 1014.6 331.629 276.112 682.971 490.344 85.2566 240.652 194.166 192.627 405.087
internal_count=6349 6008 5897 5104 4173 1373 1143 2800 2008 347 998 793 792 1661
is_linear=0
shrinkage=0.03


Tree=48
num_leaves=15
num_cat=0
split_feature=46 70 67 73 80 73 80 73 80 80 52 75 73 44
split_gain=15.6548 16.1806 23.3127 17.2599 24.9827 24.3966 19.7667 19.4639 20.3493 19.6427 28.2685 21.4533 25.7182 18.1067
threshold=-0.27892762711033453 0.36650586063186391 1.0000000180025095e-35 0.52238421192746953 0.44204693377841336 0.50429297913604143 1.2716014924908052 0.50080865370501992 -0.66083881894427887 0.038057230865860769 0.48610838059418354 0.56122328724484294 0.48503796764428914 0.49721871087751263
decision_type=2 2 2 2 2 2 2 2 2 2 2 2 2 2
left_child=-1 2 -2 5 -5 7 -7 8 -3 -10 11 12 -11 -14
right_child=1 3 -4 4 -6 6 -8 -9 9 10 -12 -13 13 -15
leaf_value=-0.017241222755787024 -0.035687693633902666 -0.0084803142849661974 -9.1096025566923019e-05 -0.033882162642424517 0.0059401492870106197 0.013013449436432368 -0.014567750221611608 -0.010987987693989787 0.0087127582458238814 0.020197030702703008 -0.013302668147566777 -0.0064890672592975655 -0.010171401895072405 0.010721988864282217
leaf_weight=45.509069472551346 25.701431900262833 158.79868821799755 44.274819239974022 29.013865053653717 26.082187533378601 227.07109393179417 25.077448040246964 129.67111653089523 342.3433622866869 100.37654753029346 119.0321431607008 128.38302214443684 71.682912185788155 75.704972669482231
leaf_count=191 108 653 182 119 106 935 102 533 1407 410 493 532 295 312
internal_value=-9.68132e-05 0.000430351 -0.0135473 0.0011249 -0.0151804 0.00179056 0.0102059 -9.73058e-05 0.0013252 0.00319764 -0.000616057 0.00341133 0.00856492 0.000529981
internal_weight=1548.72 1503.21 69.9763 1433.24 55.0961 1378.14 252.149 1125.99 996.322 837.523 495.18 376.147 247.764 147.388
internal_count=6378 6187 290 5897 225 5672 1037 4635 4102 3449 2042 1549 1017 607
is_linear=0
shrinkage=0.03


Tree=49
num_leaves=15
num_cat=0
split_feature=72 14 46 67 71 71 70 61 29 55 4 36 80 80
split_gain=17.5369 27.5894 15.1624 15.664 21.2373 20.5892 21.6265 18.9766 17.9899 13.1368 13.0268 18.8481 16.6859 14.3951
threshold=-0.16610385091805843 -3.6792073793860207 -0.27892762711033453 -0.31680302141856681 -0.3078389261820571 -0.19084814904293756 1.0496159468124413 0.034441620469324231 -0.22368515622472945 -0.82158862256501164 0.09285243540990519 0.14842181379500399 -1.7138525099938844 -0.43730775343926021
decision_type=2 2 2 2 2 2 2 2 2 2 2 2 2 2
left_child=1 -1 -2 8 7 6 -6 9 -4 -5 11 12 -7 -14
right_child=2 -3 3 4 5 10 -8 -9 -10 -11 -12 -13 13 -15
leaf_value=0.0030571854153294002 -0.018307905728574509 -0.034167996342920295 -0.0035200564342467802 -0.017479604389621064 0.0042933785773549482 0.024721791250029556 0.02765821485632616 -0.029313519180627693 0.0289165076178062 0.010412663994158461 0.012694024492202041 -0.0064609315473091984 -0.0069916308173211808 0.0035791229944111898
leaf_weight=38.428215861320496 34.05794569849968 32.015559539198875 24.724835634231567 26.283567979931831 111.11813992261887 27.765003770589828 52.259164065122604 36.407792121171951 37.981173574924469 33.216715395450592 73.145800843834877 313.70587113499641 144.99636967480183 560.00524766743183
leaf_count=157 144 134 101 108 456 114 215 151 157 136 306 1282 596 2310
internal_value=0.000472307 -0.0140395 0.00117714 0.00165297 0.000976835 0.00200126 0.0119172 -0.0125601 0.0162017 -0.00191931 0.000540944 -0.000315537 0.00231446 0.00139186
internal_weight=1546.11 70.4438 1475.67 1441.61 1378.9 1283 163.377 95.9081 62.706 59.5003 1119.62 1046.47 732.767 705.002
internal_count=6367 291 6076 5932 5674 5279 671 395 258 244 4608 4302 3020 2906
is_linear=0
shrinkage=0.03


Tree=50
num_leaves=15
num_cat=0
split_feature=52 67 20 72 70 51 73 73 73 80 67 75 58 72
split_gain=13.0995 18.9323 27.7013 27.5094 14.197 13.1561 12.8564 18.1221 22.305 18.3613 17.3235 16.5661 15.0133 21.2196
threshold=-2.1155393862248544 -0.28061600769397821 -0.15156401599563635 -0.15884829921855248 0.32466524473107655 -4.5120409039249036 0.52238421192746953 0.50429297913604143 0.50086227004201866 0.8273002650511172 -0.099650727361110386 0.3717462333894816 3.0673775317620615 0.19058558741449996
decision_type=2 2 2 2 2 2 2 2 2 2 2 2 2 2
left_child=-1 2 -2 -3 -5 -4 7 8 12 10 -9 -12 13 -6
right_child=1 3 5 4 6 -7 -8 9 -10 -11 11 -13 -14 -15
leaf_value=-0.021429600376837644 -0.0082999002158639472 -0.027289231355433832 0.0015795243868862226 -0.017348784994744969 0.0020725102539794833 0.027199618688113266 -0.013486656893704185 -0.0071650853217653269 -0.012393433075860695 -0.0085910338295120525 0.037880142130882449 0.012364794546692032 -0.0042809411334054073 0.020327343908489177
leaf_weight=23.585408866405487 43.537034720182419 32.445566177368164 25.110745221376419 39.003553614020348 556.12950123846531 68.031750604510307 53.346424266695976 30.58923964202404 119.76682148873806 42.040966972708702 27.992793247103691 125.66349636018276 290.6705362200737 63.071728587150574
leaf_count=99 178 137 102 162 2287 280 218 126 492 172 115 518 1203 262
internal_value=0.000288421 0.000642845 0.0112524 -0.000411538 0.000251671 0.0204305 0.000792268 0.0014126 -0.000275339 0.00908023 0.0131613 0.0172571 0.00132669 0.00396898
internal_weight=1540.99 1517.4 136.68 1380.72 1348.28 93.1425 1309.27 1255.93 1029.64 226.286 184.246 153.656 909.872 619.201
internal_count=6351 6252 560 5692 5555 382 5393 5175 4244 931 759 633 3752 2549
is_linear=0
shrinkage=0.03


Tree=51
num_leaves=15
num_cat=0
split_feature=15 14 59 71 75 51 44 50 18 53 60 56 53 72
split_gain=19.3404 26.8924 22.3407 27.0747 20.0593 21.5648 20.8672 23.8209 18.7156 31.2861 37.459 24.0402 18.6576 25.5395
threshold=0.36666837451053752 -2.8033418995920525 0.45073840874845861 -0.16566255435766689 0.56369218165368296 -0.52785862895924984 0.17187169045379433 -4.1584264799781367 -1.1834189038033764 -0.05752629997482827 -0.26802825209262482 -3.2141232371918709 0.061059257571852051 0.075734891804451684
decision_type=2 2 2 2 2 2 2 2 2 2 2 2 2 2
left_child=1 8 3 -2 5 6 -3 -8 11 -10 -11 -1 -5 -14
right_child=2 4 -4 12 -6 -7 7 -9 9 10 -12 -13 13 -15
leaf_value=-0.032709051822426678 0.027951685508473302 -0.020154137196895048 -0.00083556570588713729 0.011348797036174226 -0.01679952560054743 -0.019493655409427619 -0.021985924099558695 0.0062326141375369159 0.020534253908208885 -0.035224777380932853 0.0063350192876703041 0.008125792830700097 -0.023979826836359724 0.010322522409021132
leaf_weight=24.731520280241966 57.380487665534019 40.281997323036194 502.95092849433422 139.45886354148388 154.22560040652752 63.871748313307762 29.567479684948921 223.31216262280941 95.89568130671978 23.901702091097832 89.08530929684639 25.26743882894516 38.382082298398018 37.714749917387962
leaf_count=101 240 169 2073 566 654 263 123 913 393 100 367 102 156 157
internal_value=-0.00042873 -0.00379672 0.00290911 0.00980385 -0.00778378 -0.00384069 -0.000360367 0.00284189 0.00405956 0.00801979 -0.00264912 -0.0122299 0.00484539 -0.00700731
internal_weight=1546.03 770.141 775.887 272.936 511.259 357.033 293.162 252.88 258.882 208.883 112.987 49.999 215.556 76.0968
internal_count=6377 3185 3192 1119 2122 1468 1205 1036 1063 860 467 203 879 313
is_linear=0
shrinkage=0.03


Tree=52
num_leaves=15
num_cat=0
split_feature=29 72 59 18 75 73 50 45 59 17 61 74 72 60
split_gain=17.3231 22.0252 23.88 13.4491 27.2711 23.0394 20.129 21.3025 20.6955 25.3262 19.1011 20.8611 30.8102 25.8536
threshold=0.46781142221047622 0.29847517360654569 1.6020157725201412 -0.056119121523327688 0.3454165597976821 0.4947555780995771 -5.6256236385877516 0.79710725970227536 0.82975669327413748 3.2337497668098969 -0.017064605537355067 0.27683594109661064 -0.024036290923361285 0.057475729072667729
decision_type=2 2 2 2 2 2 2 2 2 2 2 2 2 2
left_child=1 2 3 4 -1 -6 -5 8 9 10 -8 -12 -13 -14
right_child=-2 -3 -4 6 5 -7 7 -9 -10 -11 11 12 13 -15
leaf_value=0.012103460646489001 0.013410650370922221 -0.027590931943394671 0.019632346352060445 0.019099538356795003 0.00309472252214117 -0.0098139820020728772 -0.023907885196371412 0.0094276808143933591 -0.018662286147898468 0.017797415162641748 -0.024817122863715273 0.015434699350297287 -0.017847181640206215 0.0011937126611285512
leaf_weight=168.29840233922005 77.186304599046707 26.681224003434181 49.789339691400528 30.568686813116074 331.89680668711662 197.52499210834503 50.193867847323418 75.854478046298027 116.04368558526039 40.693373337388039 38.939496353268623 71.701452806591988 107.63238443434238 155.57314640283585
leaf_count=697 323 111 211 128 1370 819 205 310 478 166 161 293 443 636
internal_value=-0.000343435 -0.00108163 -0.000566634 -0.0013097 0.00161867 -0.0017224 -0.00428746 -0.00541045 -0.00736904 -0.00450545 -0.00669319 -0.00431226 -0.00184799 -0.00661371
internal_weight=1538.58 1461.39 1434.71 1384.92 697.72 529.422 687.201 656.632 580.777 464.734 424.04 373.846 334.907 263.206
internal_count=6351 6028 5917 5706 2886 2189 2820 2692 2382 1904 1738 1533 1372 1079
is_linear=0
shrinkage=0.03


Tree=53
num_leaves=15
num_cat=0
split_feature=70 67 71 71 46 72 14 72 59 71 75 39 36 30
split_gain=17.0605 21.785 15.6343 16.9747 12.4885 15.5925 18.9464 13.3056 17.2511 14.1858 24.4036 25.2026 18.8859 22.1497
threshold=0.36650586063186391 1.0000000180025095e-35 -0.4846550338621502 -0.42545926913773569 -0.26861627713283814 -0.15884829921855248 -3.6159474171627259 0.29847517360654569 1.6545165166492717 -0.097046873788628529 0.67983065833866563 0.47923406884740777 -0.25622828800704239 1.0000000180025095e-35
decision_type=2 2 2 2 2 2 2 2 2 2 2 2 2 2
left_child=1 -1 -2 -4 -5 6 -6 8 9 10 11 -7 -11 -14
right_child=2 -3 3 4 5 7 -8 -9 -10 12 -12 -13 13 -15
leaf_value=-0.035134509328708589 0.019078674192336616 -0.0010139571993547831 -0.023293435541456763 -0.015037390941809361 0.0044060082511777265 0.020738734284919094 -0.030883928018526931 -0.01630837371815683 0.02102329319974048 0.009794058482358042 -0.012700260520662263 0.0036667966758761952 -0.0047781062474532583 0.015034201886786157
leaf_weight=27.136019453406334 38.412581965327263 42.813108876347542 26.788031131029129 44.682586193084717 24.499861523509026 105.70359614491463 28.886551737785339 35.379974842071533 40.894354924559593 120.59504142403603 56.193762391805649 293.31487138569355 593.72297155857086 54.471634820103645
leaf_count=116 157 176 112 189 101 433 122 148 175 498 232 1206 2449 223
internal_value=-0.000253837 -0.0146227 0.000439356 -7.2912e-05 0.000385035 0.000908155 -0.0148228 0.00156839 0.00208445 0.00143138 0.00562395 0.0082411 -0.00104934 -0.00308564
internal_weight=1533.49 69.9491 1463.55 1425.13 1398.35 1353.66 53.3864 1300.28 1264.9 1224 455.212 399.018 768.79 648.195
internal_count=6337 292 6045 5888 5776 5587 223 5364 5216 5041 1871 1639 3170 2672
is_linear=0
shrinkage=0.03


Tree=54
num_leaves=15
num_cat=0
split_feature=46 72 36 72 67 72 72 46 71 54 38 20 80 80
split_gain=18.352 16.8871 16.2687 14.8631 20.7079 21.0819 18.8868 20.69 18.3892 22.7459 20.8986 19.8373 19.351 19.1477
threshold=0.27753400633169323 0.29847517360654569 0.48428318995472369 -0.090065799607085648 -0.29345823615557842 -0.019957702588331173 -0.040839587020249347 -0.2469054392410672 0.20179273081116605 0.24822201294826843 0.49715476440751744 0.077508188201412129 -0.40781725404276764 0.49022396179043243
decision_type=2 2 2 2 2 2 2 2 2 2 2 2 2 2
left_child=1 3 -2 -1 5 -5 -6 -8 9 13 11 12 -10 -9
right_child=2 -3 -4 4 6 -7 7 8 10 -11 -12 -13 -14 -15
leaf_value=-0.0073026101947061463 0.026647825613917493 -0.02421900338201954 0.00012137250633338511 -0.00061034952336849345 0.010147103170819323 0.037802059037067771 -0.027446793206897132 -0.0046845217947711713 -0.007392391561554499 -0.030157605254340688 -0.019224511897734813 -0.0073362412780653705 0.018285399718011373 0.0065236617867301958
leaf_weight=213.99907669425011 42.645884320139885 25.451408624649048 40.440884560346603 23.668843939900398 155.15203002095222 26.499576926231384 25.058662191033363 524.09854759275913 31.075859248638153 25.360621884465218 24.563469842076302 49.538204282522202 151.97247679531574 184.50371560454369
leaf_count=886 179 107 170 98 635 110 109 2164 126 105 100 202 633 761
internal_value=0.00031479 -0.000466324 0.0139451 -2.5487e-05 0.00125068 0.0199339 0.000430307 -0.00105738 -0.000358634 -0.00278197 0.00652466 0.00933395 0.0138852 -0.00175475
internal_weight=1544.03 1460.94 83.0868 1435.49 1221.49 50.1684 1171.32 1016.17 991.113 733.963 257.15 232.587 183.048 708.602
internal_count=6385 6036 349 5929 5043 208 4835 4200 4091 3030 1061 961 759 2925
is_linear=0
shrinkage=0.03


Tree=55
num_leaves=15
num_cat=0
split_feature=46 72 36 4 50 75 72 14 75 5 14 80 74 80
split_gain=13.7199 17.7813 12.8355 13.2907 16.6059 17.5589 13.2218 27.8072 16.5203 13.0212 12.5527 33.262 19.1414 17.7057
threshold=0.36337446414971208 0.29847517360654569 0.44973802646042732 0.089817741667877385 -4.1584264799781367 0.6892917774988494 -0.15884829921855248 -3.392717507197744 0.22101598286434596 1.1249255700927587 2.003705031599706 1.6711899568722726 0.76906304256756319 1.2392482119021648
decision_type=2 2 2 2 2 2 2 2 2 2 2 2 2 2
left_child=1 2 3 4 5 9 7 -6 -8 -1 13 12 -12 -10
right_child=-2 -3 -4 -5 6 -7 8 -9 10 -11 11 -13 -14 -15
leaf_value=-0.019748194968683248 0.02019223399714409 -0.02314402503978915 -0.013059992896961499 0.01587280267139584 0.0058014062182520304 0.0065507413357688109 0.021164300673002644 -0.034609410597460151 0.0020084340586962123 0.0019122671709492858 -0.017721905983350019 -0.034477519220563316 0.0035685641395381868 0.01693661861247819
leaf_weight=94.804061710834503 29.19540299475193 28.878888875246048 61.562803983688354 49.930822536349297 34.088392451405525 50.699229016900063 39.32932086288929 26.276473194360733 721.07792443037033 33.068209081888199 45.630226105451584 27.700969964265823 204.27393016219139 78.606928944587708
leaf_count=396 127 121 253 209 141 212 169 112 2969 136 185 116 842 324
internal_value=0.00016946 -0.000231538 0.000231887 0.000826166 0.000257325 -0.00823706 0.00155581 -0.0119932 0.00230237 -0.0141404 0.00159061 -0.00388859 -0.000356085 0.00350078
internal_weight=1525.12 1495.93 1467.05 1405.49 1355.56 178.571 1176.98 60.3649 1116.62 127.872 1077.29 277.605 249.904 799.685
internal_count=6312 6185 6064 5811 5602 744 4858 253 4605 532 4436 1143 1027 3293
is_linear=0
shrinkage=0.03


Tree=56
num_leaves=15
num_cat=0
split_feature=29 38 72 71 72 58 80 29 38 36 52 70 51 37
split_gain=13.2959 15.8324 27.8476 16.4422 21.0235 20.5474 25.0881 20.261 16.6391 16.8351 17.4174 16.8438 16.5791 16.7696
threshold=0.45881937104287168 0.54551841181871785 0.013692662798049328 0.20179273081116605 0.1718002152342786 3.8549121278012417 -0.40781725404276764 0.24226588615657005 0.46701096005679316 0.44973802646042732 0.14896056302585245 1.3822729773342763 -4.6474499928499275 -0.1573609529616222
decision_type=2 2 2 2 2 2 2 2 2 2 2 2 2 2
left_child=1 3 -3 4 8 6 -5 -8 9 10 12 -12 -1 -14
right_child=-2 2 -4 5 -6 -7 7 -9 -10 -11 11 -13 13 -15
leaf_value=-0.010468204529498377 0.011491228959010795 0.013228809910926197 -0.022372858552142352 -0.0095925902057516464 -0.022787133701047999 -0.0083681707609107037 0.02274847023367315 -0.0022575323667474848 0.020154141726338747 -0.025085731146704315 -0.0035436014302533923 -0.023717898349385879 0.021457560754686349 0.0025359763688574451
leaf_weight=79.449357464909554 85.406155690550804 26.640499174594879 68.877090692520142 39.350434005260468 38.831143096089363 59.20400170981884 122.51757751405239 37.537384301424026 32.710309639573097 25.029822871088982 314.39695161581039 41.515539824962616 44.993282794952393 526.28258089721203
leaf_count=325 360 109 286 161 161 245 512 154 134 103 1307 173 187 2173
internal_value=5.43318e-05 -0.000620254 -0.0123625 0.00020851 -0.00138544 0.00700465 0.0116103 0.0168783 -0.000579771 -0.0012604 -0.000639219 -0.00596931 0.00227384 0.00406898
internal_weight=1542.74 1457.34 95.5176 1361.82 1103.21 258.609 199.405 160.055 1064.38 1031.67 1006.64 355.912 650.725 571.276
internal_count=6390 6030 395 5635 4563 1072 827 666 4402 4268 4165 1480 2685 2360
is_linear=0
shrinkage=0.03


Tree=57
num_leaves=15
num_cat=0
split_feature=57 59 10 52 45 75 20 75 19 54 72 53 57 75
split_gain=11.6614 18.8778 20.8712 16.1217 24.7238 19.7095 25.6023 25.0503 19.5127 17.3609 20.4025 16.7814 15.4113 25.1202
threshold=2.4373066538893418 1.2272472762631417 0.15641512182905329 0.19545633537716392 0.80300682719187677 0.47913758449384231 0.040683120307358489 0.47058456366431073 1.0808235833739726 0.093615968180430734 -0.11132257852499884 -0.038234939816494055 -0.86108481390738068 0.28355566694216106
decision_type=2 2 2 2 2 2 2 2 2 2 2 2 2 2
left_child=1 3 -3 4 5 7 11 -1 9 10 -5 -7 13 -12
right_child=-2 2 -4 8 -6 6 -8 -9 -10 -11 12 -13 -14 -15
leaf_value=0.0028548855002337192 -0.016496350293424736 0.024478351630525891 -0.0037249794860100432 -0.028263405684412511 0.015745662439780688 0.011782263594461623 -0.011826977290566724 0.032647940284554366 0.0089890535531888631 -0.017217281080583274 -0.011296655911439139 -0.0072181498533590857 -0.0052634251373746017 0.022854706503821542
leaf_weight=380.21642884612083 35.939657688140869 58.355002343654633 38.415421158075333 26.51225608587265 105.01763699948788 99.688920050859451 203.42554807662964 26.299709752202034 80.790918469429016 110.3551407456398 30.289162576198578 70.412927493453026 228.11883071064949 50.000046640634537
leaf_count=1566 150 249 161 116 432 409 847 107 337 457 125 289 948 204
internal_value=0.000153003 0.00056348 0.0133127 -0.000316442 0.00215173 0.000297994 -0.00466418 0.00486879 -0.00447367 -0.0069411 -0.00350057 0.00389461 -0.00127282 0.00993524
internal_weight=1543.84 1507.9 96.7704 1411.13 885.061 780.044 373.527 406.516 526.066 445.275 334.92 170.102 308.408 80.2892
internal_count=6397 6247 410 5837 3650 3218 1545 1673 2187 1850 1393 698 1277 329
is_linear=0
shrinkage=0.03


Tree=58
num_leaves=15
num_cat=0
split_feature=15 16 80 75 14 68 74 72 57 75 51 74 57 51
split_gain=15.6545 22.279 27.0686 22.4159 18.7879 22.608 32.489 19.6408 18.1775 17.438 20.2173 25.1369 21.3717 16.9585
threshold=0.43904726521593634 0.27280414770826428 1.8022331291738034 0.28633576358382007 -2.7322562239068375 1.0000000180025095e-35 0.54984169833728436 0.07744381971632229 2.397044948290318 0.75274674029844524 -0.52785862895924984 0.39645546270615256 -0.24970280012932158 -4.6474499928499275
decision_type=2 2 2 2 2 2 2 2 2 2 2 2 2 2
left_child=4 3 8 -2 13 7 -7 9 -3 10 11 -6 -13 -1
right_child=1 2 -4 -5 5 6 -8 -9 -10 -11 -12 12 -14 -15
leaf_value=-0.0096606563019253928 0.031596868871598092 0.0030484109549347486 -0.024309129348537361 0.0062544925557875787 -0.0073435078537654403 0.022271766877537368 -0.016430791127374014 -0.024075598433438969 -0.022130290529356868 -0.027517465028439225 -0.020298966528161273 0.021826236912147048 -0.0092539325475489102 0.0075097169425908765
leaf_weight=67.943760618567467 40.571274653077126 529.16301809251308 37.129520803689957 134.61316455900669 178.8004764765501 51.258347988128662 30.145460516214371 67.360500618815422 26.102893397212029 31.28168098628521 57.627284288406372 61.640725791454315 28.2702546864748 205.80428463220596
leaf_count=277 170 2186 157 552 743 211 126 285 110 135 239 254 120 853
internal_value=-0.00010777 0.00292901 0.0001356 0.0122951 -0.00310137 -0.00652283 0.00785936 -0.00930024 0.00181902 -0.00644526 -0.00433372 -0.000830591 0.0120101 0.00321203
internal_weight=1547.71 767.58 592.395 175.184 780.133 506.385 81.4038 424.981 555.266 357.62 326.339 268.711 89.911 273.748
internal_count=6418 3175 2453 722 3243 2113 337 1776 2296 1491 1356 1117 374 1130
is_linear=0
shrinkage=0.03


Tree=59
num_leaves=15
num_cat=0
split_feature=21 71 71 4 72 71 54 71 38 72 75 72 74 61
split_gain=15.5896 17.9105 21.8905 14.2317 12.4246 16.7256 21.5891 19.4874 17.1153 24.1644 26.7008 15.9829 13.4954 20.7753
threshold=-0.063212253298567958 -0.4846550338621502 -0.42545926913773569 0.076573564027786936 0.29847517360654569 0.20179273081116605 0.20683339079622257 0.24188965407769661 0.44528794563286439 0.16326958302017389 0.3967356136799815 0.13717072654296472 0.051032254083533513 -0.035086722804039135
decision_type=2 2 2 2 2 2 2 2 2 2 2 2 2 2
left_child=3 -2 -3 -1 5 6 12 -7 9 11 -11 -9 -4 -14
right_child=1 2 4 -5 -6 7 -8 8 -10 10 -12 -13 13 -15
leaf_value=0.0044875102519352176 0.019210275235835201 -0.030201762751767284 0.012621264190191717 0.028518730061141084 -0.020702216823891704 0.022186961891448708 -0.027778737567347188 0.0022504645007431494 -0.021277881560481847 -0.008462654477869376 0.024392742294179544 -0.026823573655694835 -0.012704776335691533 -0.00072532330581554058
leaf_weight=144.74823458492756 36.074511989951134 23.206232652068138 53.439119800925255 25.502062261104584 28.337326988577843 51.804506987333298 28.91121743619442 46.463811665773392 24.53836490213871 31.34566256403923 71.125541344285011 25.509459391236305 155.70279549062252 779.9751531034708
leaf_count=596 148 98 218 108 120 216 120 195 101 129 298 105 652 3233
internal_value=-0.000267056 -0.0013458 -0.00192494 0.00825897 -0.00139273 -0.000941966 -0.00265512 0.00597733 0.00164486 0.00499786 0.0143142 -0.00821894 -0.00188891 -0.00273502
internal_weight=1526.68 1356.43 1320.36 170.25 1297.15 1268.82 1018.03 250.787 198.983 174.444 102.471 71.9733 989.117 935.678
internal_count=6337 5633 5485 704 5387 5267 4223 1044 828 727 427 300 4103 3885
is_linear=0
shrinkage=0.03


Tree=60
num_leaves=15
num_cat=0
split_feature=71 71 29 36 46 50 75 58 55 60 54 75 15 59
split_gain=12.8296 17.0214 11.7466 17.1964 17.5464 12.9619 24.5032 14.33 14.1512 23.203 20.2559 18.087 18.0278 19.2138
threshold=-0.49839939570160913 -0.42545926913773569 0.45881937104287168 0.44973802646042732 0.27753400633169323 -3.9929941738496733 0.6892917774988494 1.6069175545537884 0.95718132056401595 0.15622753444280971 0.28482471710547413 0.70573272776001483 0.27951615009323522 -0.3109776959297183
decision_type=2 2 2 2 2 2 2 2 2 2 2 2 2 2
left_child=-1 -2 3 4 5 6 -3 -8 11 -10 -11 12 13 -7
right_child=1 2 -4 -5 -6 8 7 -9 9 10 -12 -13 -14 -15
leaf_value=0.0177825933862156 -0.020656431624689827 -0.013573351294136358 0.011725614571620207 -0.017057360448005803 0.025449449020499518 0.0058804625404289441 0.022342157094595944 -0.0074518491171749364 -0.014821794450420214 -0.0027866085417515484 0.023592416939107286 -0.0098441020432895928 0.010663448367179128 -0.0064701822171541147
leaf_weight=36.5671366751194 33.956268653273582 142.86462178826332 78.70463527739048 50.917293429374695 23.976113736629486 293.07993264496326 32.482264846563339 24.680855095386505 114.47194814682007 117.42792126536369 32.59747326374054 84.489534139633179 284.49245291948318 183.32633060216904
leaf_count=150 143 597 334 209 100 1210 134 105 479 484 140 353 1170 764
internal_value=0.000466557 2.91236e-05 0.000525918 -0.000115365 0.000540269 6.18427e-05 -0.00694446 0.00949392 0.00133371 -0.00470388 0.00303349 0.00323134 0.00470015 0.00111478
internal_weight=1534.03 1497.47 1463.51 1384.81 1333.89 1309.91 200.028 57.1631 1109.89 264.497 150.025 845.388 760.899 476.406
internal_count=6372 6222 6079 5745 5536 5436 836 239 4600 1103 624 3497 3144 1974
is_linear=0
shrinkage=0.03


Tree=61
num_leaves=15
num_cat=0
split_feature=53 38 73 73 54 80 14 71 71 71 38 54 52 2
split_gain=14.6309 15.4834 13.0122 19.639 21.6459 19.5026 17.8344 13.3925 15.6868 12.1825 14.8964 23.7131 19.5334 21.0836
threshold=0.16652422508968015 0.66229962694023803 0.52238421192746953 0.50930783004537794 0.14015864068761455 0.39376234922035325 -0.99805684615012902 -0.4846550338621502 -0.42545926913773569 0.48626882398253529 0.3642458561708814 0.097271120326438712 0.39468285895916538 0.0049381125653713562
decision_type=2 2 2 2 2 2 2 2 2 2 2 2 2 2
left_child=1 2 3 7 6 -4 -5 -1 -9 10 12 -12 13 -10
right_child=-2 -3 5 4 -6 -7 -8 8 9 -11 11 -13 -14 -15
leaf_value=0.018130155851565979 0.019613358577926177 -0.015759604745149512 -0.031833143567845362 0.00068820189122206657 -0.0071438542092213016 0.0047565166092069389 0.029096819636609556 -0.024411279624829859 0.0043563930404789042 0.016844201795385382 0.01550373175741048 -0.012545381570547669 -0.0087331550533192356 -0.0060999414855670304
leaf_weight=35.905420675873756 35.283353418111801 50.948457568883896 25.547042921185493 29.404731884598732 35.221511140465736 25.095771446824074 62.994771361351013 22.642964482307434 512.25490283966064 37.607578039169312 110.08685497939587 34.884124740958214 255.39683599770069 261.07830053567886
leaf_count=147 150 211 106 123 145 103 262 96 2122 160 456 146 1071 1081
internal_value=0.000787228 0.000328341 0.000907945 0.00145635 0.0126279 -0.0138732 0.0202086 0.000321016 -0.000207811 0.000260675 -0.000280748 0.00868379 -0.00155563 0.000817191
internal_weight=1534.35 1499.07 1448.12 1397.48 127.621 50.6428 92.3995 1269.86 1233.95 1211.31 1173.7 144.971 1028.73 773.333
internal_count=6379 6229 6018 5809 530 209 385 5279 5132 5036 4876 602 4274 3203
is_linear=0
shrinkage=0.03


Tree=62
num_leaves=15
num_cat=0
split_feature=72 19 53 75 73 72 80 72 80 80 45 73 70 57
split_gain=13.0823 17.1984 14.8635 19.767 34.1811 21.0468 17.4267 21.4213 15.965 24.6279 14.8997 14.3898 23.6322 33.1838
threshold=0.29847517360654569 1.0808235833739726 0.028406692518169411 0.3967356136799815 0.50429297913604143 0.21424946562127209 -0.072476653307750716 -0.0011988389012618031 -1.7138525099938844 -0.8000644580378341 0.18318971239746823 0.48602096331965522 1.1145108095690237 -0.14910924718666271
decision_type=2 2 2 2 2 2 2 2 2 2 2 2 2 2
left_child=1 2 8 4 -4 6 -5 -8 -1 -10 -11 12 13 -12
right_child=-2 -3 3 5 -6 -7 7 -9 9 10 11 -13 -14 -15
leaf_value=0.019658700292315971 -0.018030099287142113 0.011713220968320198 -0.027826584916336401 0.0056927159974256153 0.0094552159164332256 0.018482888316661592 0.0071759977181382528 -0.019831314661754269 -0.013461239204760531 -0.02149695602925197 0.033376104623461911 -6.6894612678906049e-05 -0.0023828885128411152 0.0064625037830621486
leaf_weight=40.767533391714096 33.702446043491364 114.69754229485989 72.196283608675003 82.83689820766449 30.911403521895409 40.459928750991821 36.534864351153374 88.898539617657661 98.216595932841301 22.062468305230141 57.024362742900848 544.87678316235542 124.72745651006699 146.97106283903122
leaf_count=172 143 484 302 341 128 170 153 366 406 96 236 2260 517 610
internal_value=0.000176482 0.000599957 -0.000323929 -0.00564415 -0.0166229 -0.0010267 -0.00490847 -0.0119348 0.0014846 0.000715594 0.0022885 0.00291823 0.00786508 0.0141339
internal_weight=1534.88 1501.18 1386.48 351.838 103.108 248.73 208.27 125.433 1034.65 993.879 895.662 873.6 328.723 203.995
internal_count=6384 6241 5757 1460 430 1030 860 519 4297 4125 3719 3623 1363 846
is_linear=0
shrinkage=0.03


Tree=63
num_leaves=15
num_cat=0
split_feature=75 50 61 38 72 36 57 61 80 80 50 71 2 80
split_gain=14.3307 14.9263 13.6616 25.2696 27.692 23.4145 22.3714 17.3081 14.9076 26.3528 27.7292 17.2945 18.7871 17.2418
threshold=0.22583809350708964 -1.1597402223831146 0.062823552586681874 0.53366669101290143 0.028863599411616963 0.44973802646042732 -0.20056395898045373 0.0763713605557894 -0.43730775343926021 0.038057230865860769 -0.44575915434219804 0.14066387850889245 0.01173251156119637 -0.34332584775917091
decision_type=2 2 2 2 2 2 2 2 2 2 2 2 2 2
left_child=1 -1 3 5 -5 8 7 -4 -2 10 11 13 -13 -10
right_child=2 -3 6 4 -6 -7 -8 -9 9 -11 -12 12 -14 -15
leaf_value=0.026645599597588478 -0.0064106707805000017 -0.0016518139823512488 0.013667055690792013 0.004917752808492811 -0.031839371934816368 -0.02870171391244089 0.016049562452782034 -0.015749217054748452 0.024912955407097617 -0.001871345877630467 -0.017117117450848995 0.033378162522819471 0.0021115556840246622 0.0026941782673550623
leaf_weight=35.199275657534599 254.39112655818462 30.534898221492767 27.040739595890045 28.707956314086914 48.526322990655899 25.150627315044403 104.42410230636597 49.105232387781143 38.285651326179504 604.25571186840534 32.182666018605232 54.701990365982056 25.750182285904884 162.1417321562767
leaf_count=153 1051 128 114 118 203 103 441 206 157 2515 133 229 106 672
internal_value=8.76589e-06 0.0136056 -0.000611491 -0.00171027 -0.018231 -0.000626085 0.00708336 -0.00520291 0 0.00178352 0.00883576 0.0118755 0.0235747 0.00706336
internal_weight=1520.4 65.7342 1454.66 1274.09 77.2343 1196.86 180.57 76.146 1171.71 917.318 313.062 280.88 80.4522 200.427
internal_count=6329 281 6048 5287 321 4966 761 320 4863 3812 1297 1164 335 829
is_linear=0
shrinkage=0.03


Tree=64
num_leaves=15
num_cat=0
split_feature=71 71 74 46 61 72 75 71 50 72 71 16 34 75
split_gain=12.6929 17.1942 12.3871 19.8884 19.2727 16.6098 13.8753 14.7838 28.4943 23.863 19.2025 20.225 19.1492 14.8923
threshold=-0.4846550338621502 -0.42545926913773569 0.051032254083533513 -0.26861627713283814 -0.09370037407249221 -0.16610385091805843 0.22101598286434596 -0.13326014030179115 -1.2596629614975443 0.082468145176089871 -0.29806506759123147 -0.71732515148256115 -0.22065683084526064 0.31943426813967141
decision_type=2 2 2 2 2 2 2 2 2 2 2 2 2 2
left_child=-1 -2 4 -4 -3 -5 -7 8 9 10 -8 -12 -13 -10
right_child=1 2 3 5 -6 6 7 -9 13 -11 11 12 -14 -15
leaf_value=0.015739526181208375 -0.024259246001581875 -0.0078929803057122185 -0.027121920741324402 -0.019477558812036101 0.024314775436737952 0.015256423656229388 -0.00014194508074147848 -0.0024838887775984033 -0.026441510892568958 -0.01588811990928729 0.00560010583345828 0.042292189125496663 0.013416329387036139 -0.0011231666825099525
leaf_weight=41.984856754541397 26.590044394135475 26.286976277828217 24.694559872150421 39.16171170771122 42.409204140305519 51.257361143827438 54.161231055855751 925.22859580814838 25.919223591685295 24.653741061687469 51.14241960644722 47.565377742052078 39.293746992945671 96.009578019380569
leaf_count=173 113 107 109 167 173 221 224 3853 106 103 210 199 164 394
internal_value=-0.000325433 -0.000796313 -0.000345839 -0.00097179 0.0119893 -0.000472018 0.000104832 -0.000517622 0.00483118 0.0113449 0.0149263 0.0208309 0.0295818 -0.00671318
internal_weight=1516.36 1474.37 1447.78 1379.09 68.6962 1354.39 1315.23 1263.97 338.745 216.817 192.163 138.002 86.8591 121.929
internal_count=6316 6143 6030 5750 280 5641 5474 5253 1400 900 797 573 363 500
is_linear=0
shrinkage=0.03


Tree=65
num_leaves=15
num_cat=0
split_feature=15 55 74 54 54 74 52 75 71 72 39 57 57 80
split_gain=13.836 17.6978 19.4809 15.6234 14.2834 13.8744 12.5032 15.3334 18.2192 19.5407 16.6187 16.6836 13.4931 16.3506
threshold=10.041491525151802 2.1942549429541827 0.89951065055867063 0.17956480855990889 0.2760588562387874 1.0128307553393812 0.21039432261889507 0.23813606211946284 -0.08207942652774454 -0.084342646687965386 0.48576036435981323 -0.79905214676169056 -1.959597433838872 -0.8000644580378341
decision_type=2 2 2 2 2 2 2 2 2 2 2 2 2 2
left_child=1 5 -3 -4 -5 6 12 -8 9 -9 -11 -12 -1 -14
right_child=-2 2 3 4 -6 -7 7 8 -10 10 11 -13 13 -15
leaf_value=0.021285722878423289 -0.020392330159720883 0.032408868133798029 0.020471455831859033 -0.017129216356143652 0.012503481794565336 0.014185268632040678 0.016856160036985795 -0.019029668189404863 -0.011548914992103077 0.023033620662001139 0.017900683672043151 -0.010199546495857113 -0.01105611673677505 0.0014504621769621283
leaf_weight=26.355436190962791 29.482558906078339 28.213975355029106 32.598159790039062 34.957764089107513 23.628711730241776 51.502013474702835 24.821365922689438 32.265084028244019 274.27725045382977 38.079533085227013 27.737751707434654 55.148166477680206 106.57127904891968 748.7494493573904
leaf_count=115 124 125 139 145 100 213 103 141 1150 157 113 229 440 3100
internal_value=-0.000382214 2.0097e-05 0.0110559 0.0041202 -0.00509316 -0.000934973 -0.00153228 -0.00558214 -0.00693172 0.00132502 0.00690263 -0.000640876 0.000544302 -0.000113669
internal_weight=1534.39 1504.91 119.399 91.1846 58.5865 1385.51 1334.01 452.329 427.508 153.231 120.965 82.8859 881.676 855.321
internal_count=6394 6270 509 384 245 5761 5548 1893 1790 640 499 342 3655 3540
is_linear=0
shrinkage=0.03


Tree=66
num_leaves=15
num_cat=0
split_feature=70 15 14 14 38 72 75 73 51 58 57 5 19 80
split_gain=12.2446 12.7132 14.7697 32.4894 25.388 31.632 24.7955 17.6204 16.8644 20.7609 26.5906 15.9192 14.4463 14.3217
threshold=0.32466524473107655 10.041491525151802 -1.2697995459499312 -2.8987090374858977 -0.12255994724482878 0.014735772286948079 0.4482929248726501 0.52238421192746953 -4.6474499928499275 0.93089238154431286 -1.2605693987317947 0.7219263488644494 -0.34624340941926596 -0.21638837751732257
decision_type=2 2 2 2 2 2 2 2 2 2 2 2 2 2
left_child=-1 2 3 8 5 6 -5 -4 13 10 -10 -12 -7 -2
right_child=1 -3 7 4 -6 12 -8 -9 9 -11 11 -13 -14 -15
leaf_value=-0.016569563814513008 -0.023198455587297471 -0.019055240349946236 0.003855989823745928 -0.0075046447239220122 -0.022529587521420161 -0.026739089507683934 0.022480917375369679 -0.014371423630422389 0.017572952094036937 0.021862653080247308 -0.031049430024189639 0.00082326746211148626 0.0011583812604190954 0.004524381727072653
leaf_weight=39.181899935007095 29.918586120009422 29.169405773282051 881.76278956234455 47.875327602028847 99.581581458449364 51.697469905018806 49.381641328334808 49.401077911257744 45.541728526353836 70.920329064130783 23.810043215751648 31.952485173940659 23.899461463093758 35.611347287893295
leaf_count=165 123 123 3674 200 419 224 203 204 191 293 101 132 100 145
internal_value=-0.000229127 0.000214168 0.000620193 -0.00347435 -0.0105344 -0.00350815 0.00774839 0.00286976 0.00460689 0.00953407 0.000729848 -0.013014 -0.0179608 -0.00822366
internal_weight=1509.71 1470.52 1441.35 510.19 272.435 172.854 97.257 931.164 237.755 172.225 101.304 55.7625 75.5969 65.5299
internal_count=6297 6132 6009 2131 1146 727 403 3878 985 717 424 233 324 268
is_linear=0
shrinkage=0.03


Tree=67
num_leaves=15
num_cat=0
split_feature=72 53 71 72 3 70 75 72 54 2 17 75 72 51
split_gain=16.0758 18.2511 18.1973 20.7168 20.3124 17.715 32.1893 18.4742 28.4216 25.9863 22.8719 19.9587 17.3585 19.2525
threshold=-0.090065799607085648 -0.055049163120507665 -0.13736173288513762 0.097363600708604822 0.073342608368615295 1.0720401304329517 0.28097167312117599 0.037360914535537346 0.097271120326438712 -0.0025976972898016366 0.45484024319037958 0.4931113111441795 -0.023611441167784443 -1.4568347254888749
decision_type=2 2 2 2 2 2 2 2 2 2 2 2 2 2
left_child=1 -1 3 -2 5 12 -7 10 11 -10 -8 -9 -4 -14
right_child=2 -3 4 -5 -6 6 7 8 9 -11 -12 -13 13 -15
leaf_value=0.0022459108813251143 0.0092101990209675494 -0.015655662257180764 0.01349234076643928 -0.019105847891441308 0.018660383530039126 -0.042242991689582135 -0.025305143448037734 0.027865276657740346 0.0088940513240318986 -0.022205067221857895 0.0030213365493974272 0.0013492559115367486 -0.0056671739268728503 0.0061085951026351171
leaf_weight=89.14808601140976 308.57731103897095 117.66773353517056 86.841843605041504 24.123044684529305 44.116898491978645 21.304136142134666 68.808548375964165 38.227917551994324 36.693279653787613 66.650007218122482 39.834187462925911 74.694690823554993 309.59925349056721 207.90731930732727
leaf_count=369 1283 497 359 100 187 88 286 157 156 277 163 313 1302 869
internal_value=-0.000182465 -0.00794385 0.0010285 0.00709251 -0.00100036 -0.00193622 -0.00733854 -0.00491346 0.000150973 -0.0111404 -0.0149453 0.0105311 0.00115818 -0.000924944
internal_weight=1534.19 206.816 1327.38 332.7 994.678 950.561 346.213 324.909 216.266 103.343 108.643 112.923 604.348 517.507
internal_count=6406 866 5540 1383 4157 3970 1440 1352 903 433 449 470 2530 2171
is_linear=0
shrinkage=0.03


Tree=68
num_leaves=15
num_cat=0
split_feature=73 73 54 54 73 80 58 37 72 58 55 55 72 58
split_gain=13.3424 18.4024 24.5164 30.1373 13.5555 15.578 21.3922 18.1281 22.6487 15.319 21.9014 17.5361 15.7186 16.0992
threshold=0.52238421192746953 0.50429297913604143 0.18551017173876086 0.26895357148310245 0.50080865370501992 -0.56065867773621225 -7.5137306536761086 0.0037854258212418369 -0.0043422512654231462 3.0673775317620615 1.0846232529153055 0.50687962651706975 0.19058558741449996 -0.32662808948132693
decision_type=2 2 2 2 2 2 2 2 2 2 2 2 2 2
left_child=1 4 -3 -4 5 6 -1 8 -8 12 11 -11 13 -7
right_child=-2 2 3 -5 -6 9 7 -9 -10 10 -12 -13 -14 -15
leaf_value=0.015579181975382982 -0.014499393121196021 0.012461299027408713 -0.033824906362397447 0.010220301712428537 -0.0098565211030704446 -0.0033898089333675753 -0.015368351034908809 -0.02359706816542833 0.014287484025888758 -0.003853454143741429 -0.020835153371787575 0.017859619664074806 0.018719350764791504 0.0071198707057943244
leaf_weight=29.167647898197174 54.28124888241291 205.99628388881683 24.761041969060898 29.599560588598251 138.10961228609085 221.02514123916626 55.668549314141273 68.05153876543045 38.156623512506485 177.53376188874245 54.883675694465637 40.195592001080513 61.623831942677498 318.66313745081425
leaf_count=121 225 861 102 125 577 920 233 283 161 744 234 164 263 1327
internal_value=-2.8781e-05 0.000514419 0.00773201 -0.0100094 -0.00104892 9.72418e-05 -0.00763563 -0.0119162 -0.00323704 0.00179962 -0.00408087 0.000197806 0.00447545 0.00280908
internal_weight=1517.72 1463.44 260.357 54.3606 1203.08 1064.97 191.044 161.877 93.8252 873.925 272.613 217.729 601.312 539.688
internal_count=6340 6115 1088 227 5027 4450 798 677 394 3652 1142 908 2510 2247
is_linear=0
shrinkage=0.03


Tree=69
num_leaves=15
num_cat=0
split_feature=52 19 72 80 52 14 72 19 60 51 14 21 45 50
split_gain=12.4994 12.3652 18.5349 11.668 11.4475 15.7293 19.62 14.9609 18.3144 19.234 21.5918 14.5406 17.393 14.0614
threshold=-0.8585684630724767 -1.0122757786368901 0.012184723420854261 0.21624606221116663 0.19545633537716392 0.28890241093387387 -0.042010164293260654 0.079602704785497178 0.21203089952289494 -4.0290233991833562 6.0039487889895069 0.039676166706091399 0.71890431510970709 -0.75689108995509702
decision_type=2 2 2 2 2 2 2 2 2 2 2 2 2 2
left_child=1 -1 -3 -4 13 11 -7 -8 -9 10 -10 12 -6 -2
right_child=4 2 3 -5 5 6 7 8 9 -11 -12 -13 -14 -15
leaf_value=-0.024604871706560373 0.0056853272345698241 0.0059065467050469396 -0.027085086149337679 -0.00013936828878698921 -0.00046741861475106092 0.024646989375300715 0.016054360917125334 -0.010483226790246679 0.020814498506762698 -0.0065758799006501454 -0.0082064874741057045 -0.028280437204387585 -0.028403515069118552 -0.0036341929321137539
leaf_weight=31.291364684700966 556.47550128400326 76.154365241527557 35.146139621734619 24.690613582730293 108.26565910875797 27.728212684392929 40.470586091279984 160.98647740483284 73.145530506968498 96.709584385156631 32.579849675297737 31.389014795422554 23.727500274777412 195.87415289878845
leaf_count=130 2314 317 150 104 462 113 166 675 308 403 137 138 103 809
internal_value=-0.000167551 -0.00787908 -0.00384613 -0.0162254 0.000791682 -0.00231121 0.00068515 -0.00100559 -0.00295657 0.00302899 0.0118363 -0.0102103 -0.00569895 0.00325141
internal_weight=1514.63 167.282 135.991 59.8368 1347.35 595.002 431.62 403.892 363.421 202.435 105.725 163.382 131.993 752.35
internal_count=6329 701 571 254 5628 2505 1802 1689 1523 848 445 703 565 3123
is_linear=0
shrinkage=0.03


Tree=70
num_leaves=15
num_cat=0
split_feature=46 75 50 70 15 71 58 58 58 80 44 71 14 61
split_gain=12.6452 12.8226 19.2912 10.9578 12.8918 12.4233 16.503 24.0322 15.9664 19.3413 18.0387 15.6929 21.8185 16.6068
threshold=0.36337446414971208 0.23250764613409416 -1.1703746203487844 0.37366180068658678 -0.56809261184222948 -0.4846550338621502 -3.7431558726411409 -2.1295222532016549 -8.2246596992242811 0.22764951594674046 0.48514255719114102 -0.15513402684841524 0.91191656730855664 -0.032930395035338116
decision_type=2 2 2 2 2 2 2 2 2 2 2 2 2 2
left_child=1 2 -1 4 -3 -5 8 -8 10 11 -7 -10 13 -13
right_child=-2 3 -4 5 -6 6 7 -9 9 -11 -12 12 -14 -15
leaf_value=0.027107155456573322 0.020072188839230658 -0.029528518247265094 -0.0028811721915989034 0.015858610035693988 -0.0026835861367955072 -0.015763630112018298 0.027288086096472642 -0.00015248099000465175 -0.035555866212769037 0.0057376356014509555 0.016377911909921907 -0.0161356672811384 -0.029653682712816733 0.017065273707933232
leaf_weight=36.102273970842361 26.685096010565758 24.708290740847588 39.391516849398613 39.824360877275467 44.837749004364014 24.322210535407066 28.525790974497795 1048.3050385266542 35.95103707909584 35.969030946493149 40.285889595746994 25.953297898173332 35.50032477080822 26.268539309501648
leaf_count=159 119 107 166 165 186 102 123 4370 152 149 165 109 147 108
internal_value=-1.36042e-05 -0.000390594 0.0115678 -0.00104159 -0.0125682 -0.000431489 -0.000945359 0.000594902 -0.00833134 -0.0134065 0.00415355 -0.0190118 -0.0118565 0.000487312
internal_weight=1512.63 1485.95 75.4938 1410.45 69.546 1340.91 1301.08 1076.83 224.25 159.642 64.6081 123.673 87.7222 52.2218
internal_count=6327 6208 325 5883 293 5590 5425 4493 932 665 267 516 364 217
is_linear=0
shrinkage=0.03


Tree=71
num_leaves=15
num_cat=0
split_feature=58 58 16 70 58 58 75 51 57 58 58 51 38 75
split_gain=14.6316 12.9612 27.4504 21.7478 17.0186 16.0593 15.2431 14.6641 13.4927 12.6611 32.8495 17.7366 15.0688 24.4235
threshold=-9.6396176939457163 -3.9480795713936572 0.33041595898060777 0.8427097179866484 -2.0730437138429134 -5.7653076703037138 0.22101598286434596 -1.6020746611125218 -1.1069169464018249 -0.32662808948132693 0.47361284556607791 -1.6372065846006081 -0.16523490449336029 0.27580164701685617
decision_type=2 2 2 2 2 2 2 2 2 2 2 2 2 2
left_child=-1 2 3 7 -3 8 -6 -2 -5 11 -11 -8 13 -12
right_child=1 4 -4 5 6 -7 9 -9 -10 10 12 -13 -14 -15
leaf_value=0.021228680814841992 -0.029784272174529239 0.017613171861472654 -0.022032075378330036 0.033379985025296766 0.023445785057752747 -0.012110345494644674 -0.016357173306120694 1.839700665174796e-05 0.0064348997695030507 0.015972109849139264 0.029172143604067585 0.0028688506955570222 -0.0043844877596040839 0.0012355234486500527
leaf_weight=27.879654109477997 27.920290678739548 51.392015606164932 72.278302207589149 23.655815586447716 23.759690821170807 25.475416466593742 96.010654792189598 29.939367726445198 55.936655446887016 114.94935899972916 29.594619676470757 76.751822352409363 510.49650657176971 362.39697672426701
leaf_count=115 121 219 303 102 104 105 398 127 234 479 124 320 2135 1515
internal_value=7.51318e-05 -0.00032877 -0.00678225 4.85908e-05 0.000871669 0.00819066 0.000145314 -0.0145482 0.0148139 -0.000335342 0.000938007 -0.00782253 -0.000987455 0.003425
internal_weight=1528.44 1500.56 235.206 162.928 1265.35 105.068 1213.96 57.8597 79.5925 1190.2 1017.44 172.762 902.488 391.992
internal_count=6401 6286 992 689 5294 441 5075 248 336 4971 4253 718 3774 1639
is_linear=0
shrinkage=0.03


Tree=72
num_leaves=15
num_cat=0
split_feature=72 70 71 46 54 57 61 19 58 58 57 72 29 14
split_gain=12.9298 12.5864 12.843 20.748 31.359 19.994 19.5179 27.3089 19.5155 30.3971 18.9504 18.3731 17.6507 28.5751
threshold=0.29847517360654569 0.32466524473107655 0.20179273081116605 0.076777666699793592 0.2760588562387874 2.0393229805602764 -0.032930395035338116 -0.14632361123510881 3.0673775317620615 -0.19770877481709984 -0.67842725320869046 0.012184723420854261 -0.12200414251411841 -1.4049159824392536
decision_type=2 2 2 2 2 2 2 2 2 2 2 2 2 2
left_child=1 -1 5 4 8 6 7 10 9 -4 -3 -12 -8 -14
right_child=-2 2 3 -5 -6 -7 12 -9 -10 -11 11 -13 13 -15
leaf_value=-0.016158823942678809 -0.018205600554750147 -0.016347653610928929 -0.0062156756358220586 -0.0045165831262017906 0.041813434203013852 -0.024837891642433243 0.010578214127921216 -0.02453137398471902 -0.009159848020089954 0.027146500914329717 0.013846358950585969 -0.0094838385181608593 -0.011111621445896039 0.0034527939942043465
leaf_weight=37.386472031474113 31.963148787617683 51.613169297575951 38.718810856342316 88.656720593571663 27.946767047047615 27.679523348808289 191.92195482552052 59.507725745439529 43.476649090647697 63.983118176460266 79.278633013367653 47.781575873494148 152.86515697836876 570.45174872875214
leaf_count=159 137 216 163 371 122 119 803 252 180 269 327 204 645 2373
internal_value=0.000372564 0.000788496 0.00124131 0.00722645 0.0132228 -9.15022e-05 0.000519459 -0.00710762 0.00747925 0.0145869 -0.00117531 0.00503224 0.00251483 0.000357459
internal_weight=1513.23 1481.27 1443.88 262.782 174.125 1181.1 1153.42 238.181 146.179 102.702 178.673 127.06 915.239 723.317
internal_count=6340 6203 6044 1105 734 4939 4820 999 612 432 747 531 3821 3018
is_linear=0
shrinkage=0.03


Tree=73
num_leaves=15
num_cat=0
split_feature=2 11 14 67 29 56 38 19 75 57 45 29 46 54
split_gain=12.6037 15.6194 14.792 25.598 26.9228 25.4149 17.5355 17.5136 16.4342 12.56 13.4543 14.9263 12.311 11.2454
threshold=-0.014146836415676487 -1.6233765752948472 -1.2697995459499312 -0.28061600769397821 -0.049541535665142002 -3.2141232371918709 -0.14068354452055201 -0.17121820640495064 0.33095680111887871 2.397044948290318 0.27039580697784599 0.43266338256572956 0.069275732244793942 0.2760588562387874
decision_type=2 2 2 2 2 2 2 2 2 2 2 2 2 2
left_child=1 -1 3 5 8 -2 -6 -4 -5 10 12 13 -9 -12
right_child=2 -3 7 4 6 -7 -8 9 -10 -11 11 -13 -14 -15
leaf_value=-0.0066285089060224922 -0.012046724620674461 0.0085903174860054513 0.010627894507664536 0.016491220013792243 -0.0081482026419552184 0.021897746117865626 -0.040729941167195985 0.02251061637261698 -0.0092146948802900707 -0.020177245319230812 -0.0050928259492674099 0.0094558173144561938 -0.00024024539111264061 0.012613779900612342
leaf_weight=75.937492549419403 32.756364822387695 284.59720239043236 141.0494996458292 25.414237812161446 25.527830690145493 47.149403244256973 38.271565824747086 41.360060170292854 144.40582959353924 28.252654984593391 449.63958030939102 89.26573358476162 42.451392278075218 33.698712065815926
leaf_count=315 139 1189 590 106 108 196 163 177 614 122 1865 381 178 145
internal_value=0.000480351 0.00536294 -0.00106424 -0.00660278 -0.0116122 0.00795011 -0.0280895 0.00103875 -0.00526734 -0.000942784 -7.86393e-05 -0.00173432 0.011067 -0.00382552
internal_weight=1499.78 360.535 1139.24 313.525 233.619 79.9058 63.7994 825.718 169.82 684.668 656.415 572.604 83.8115 483.338
internal_count=6288 1504 4784 1326 991 335 271 3458 720 2868 2746 2391 355 2010
is_linear=0
shrinkage=0.03


Tree=74
num_leaves=15
num_cat=0
split_feature=14 14 29 72 38 72 50 75 75 20 17 15 18 61
split_gain=13.1681 28.3979 17.5737 18.5393 18.649 14.4939 14.375 14.3096 17.9086 14.5883 12.5847 11.7858 11.5285 21.4928
threshold=-2.7322562239068375 -1.4049159824392536 -0.064919509125283589 0.014735772286948079 -0.46663277536284248 -0.0058457951215935425 -1.2596629614975443 0.31692192965924887 0.59389956536295785 0.11992596454721255 -1.2304660312508331 -2.7467725840242116 -0.12316581551461452 0.008909371248156531
decision_type=2 2 2 2 2 2 2 2 2 2 2 2 2 2
left_child=5 2 3 4 -2 7 -6 -1 -9 -10 -7 -5 -3 -14
right_child=1 12 -4 11 6 10 -8 8 9 -11 -12 -13 13 -15
leaf_value=0.022089940585689142 0.024893874933589126 0.0073985069299020347 -0.023127934738415335 -0.0010259396758489857 0.0063950971174447308 0.030188654515472778 -0.020590292661121608 -0.0092513129751655918 0.020589220459595849 -0.0060229679335334751 0.0019960898930490513 -0.026510457550317362 -0.0063067874569529446 0.0035314534332120577
leaf_weight=27.223269611597061 25.332901790738106 199.50256942212582 69.756769567728043 26.816655978560448 42.682437315583229 35.433356627821922 28.866287603974342 99.441338270902634 45.411917582154274 29.908196330070496 24.238812625408173 42.692877724766731 345.29616661369801 471.26519984006882
leaf_count=118 105 838 295 113 178 148 121 414 187 125 100 189 1452 1970
internal_value=5.12998e-05 -0.00122581 -0.0105752 -0.00517907 0.0032685 0.00616171 -0.00456386 0.00226205 -0.000909119 0.0100226 0.0190327 -0.0168964 0.000950959 -0.000625927
internal_weight=1513.87 1252.21 236.148 166.391 96.8816 261.657 71.5487 201.985 174.761 75.3201 59.6722 69.5095 1016.06 816.561
internal_count=6353 5261 1001 706 404 1092 299 844 726 312 248 302 4260 3422
is_linear=0
shrinkage=0.03


Tree=75
num_leaves=15
num_cat=0
split_feature=75 73 80 47 73 54 58 73 80 70 20 18 55 17
split_gain=12.1025 11.4903 18.0691 16.0812 15.0278 19.3445 15.462 27.5094 28.9375 20.2399 39.4615 20.7381 20.1561 22.0956
threshold=0.23250764613409416 0.52238421192746953 0.44204693377841336 0.24018544882713994 0.50930783004537794 0.14015864068761455 3.0673775317620615 0.49506219120537664 -0.75778605066978366 1.0496159468124413 -0.1070089136008409 -0.47780848567386541 1.1910379150927384 1.4313125388712269
decision_type=2 2 2 2 2 2 2 2 2 2 2 2 2 2
left_child=-1 3 -3 4 6 -6 7 8 -2 11 -11 -9 13 -8
right_child=1 2 -4 -5 5 -7 12 9 -10 10 -12 -13 -14 -15
leaf_value=0.011769260921346995 -0.012358633333127044 -0.03077298718522711 0.0040417279149972873 0.011891543409206298 0.017409511585886991 -0.0097048833877835007 -0.011266350143069885 -0.03217190696471476 0.008592390519481713 -0.022074347485677402 0.011038806567001461 -0.0073546114173679506 -0.0233953393506399 0.0055119302672056811
leaf_weight=74.240735590457916 69.255320399999619 27.142946898937225 24.864123299717903 93.58503246307373 79.798987522721291 32.51154550909996 161.32062713801861 35.791641727089882 378.79060065746307 42.935304641723633 122.05961331725121 183.95688301324844 57.235013961791992 123.84733593463898
leaf_count=321 287 114 102 402 331 134 682 154 1584 183 505 771 247 510
internal_value=3.83757e-05 -0.000573982 -0.0142812 -4.45975e-05 -0.000924251 0.00950437 -0.00193195 0.000271285 0.00532362 -0.0055992 0.00231385 -0.0115446 -0.00728893 -0.00397009
internal_weight=1507.34 1433.09 52.0071 1381.09 1287.5 112.311 1175.19 832.789 448.046 384.743 164.995 219.749 342.403 285.168
internal_count=6327 6006 216 5790 5388 465 4923 3484 1871 1613 688 925 1439 1192
is_linear=0
shrinkage=0.03


Tree=76
num_leaves=15
num_cat=0
split_feature=47 38 72 38 36 1 75 4 74 4 60 52 51 73
split_gain=12.0181 13.1863 24.0612 17.161 20.5725 15.4222 14.3259 12.6488 12.0874 11.9849 11.7488 15.8612 10.865 11.2725
threshold=0.34010993026545527 0.57413185519675691 0.013692662798049328 0.28772867008254521 0.44973802646042732 -0.0001041447060572409 0.71471466942696382 0.081749702088172796 0.051032254083533513 -0.065173380934058209 0.32200056881449957 0.087443833893448855 -1.9703494736774083 0.48579703825260095
decision_type=2 2 2 2 2 2 2 2 2 2 2 2 2 2
left_child=1 3 -3 4 5 10 -5 -4 -7 -10 11 12 -1 -14
right_child=-2 2 7 6 -6 8 -8 -9 9 -11 -12 -13 13 -15
leaf_value=0.0010179049852371382 0.019364134853724513 0.01320388630944596 -0.03063417809945029 0.011655512159261109 -0.02762693868866772 0.012655875072834829 -0.0066882937350149505 -0.0030879949485212448 -0.023279719152147618 -0.0041056107569883236 0.021676537556830487 -0.0041724054070403386 0.02296411622923324 0.0058657241374646179
leaf_weight=184.10979135334492 27.376348048448563 25.023486003279686 41.741724103689194 182.7700426876545 24.730272397398949 35.071288049221039 47.366992995142937 24.087035596370697 30.456097856163979 485.0556435585022 27.421797201037407 230.41011668741703 52.885322540998459 103.34509345889091
leaf_count=763 123 104 176 766 103 145 199 101 130 2037 117 979 221 430
internal_value=2.03514e-05 -0.000343698 -0.0113575 0.000373569 -0.00109386 -0.000495209 0.0078479 -0.0208193 -0.00411784 -0.00528999 0.00283301 0.00188347 0.00599669 0.0117915
internal_weight=1521.85 1494.47 90.8522 1403.62 1173.49 1148.76 230.137 65.8288 550.583 515.512 598.172 570.75 340.34 156.23
internal_count=6394 6271 381 5890 4925 4822 965 277 2312 2167 2510 2393 1414 651
is_linear=0
shrinkage=0.03


Tree=77
num_leaves=15
num_cat=0
split_feature=10 72 67 45 4 55 52 72 51 15 4 17 71 50
split_gain=10.6793 18.4055 17.7025 26.4256 19.6305 13.5408 13.7586 10.9787 10.7083 9.95917 20.6449 14.0739 11.7511 9.09533
threshold=-0.15687995661886503 -0.11132257852499884 -0.23012727255842411 0.33506037681003592 -0.044642591143695391 2.1942549429541827 -0.033490644321534715 0.29847517360654569 -1.393661539488485 0.55100526593357946 -0.028725886727277047 -2.5028502062058093 0.10210394482108325 -1.3150837558426443
decision_type=2 2 2 2 2 2 2 2 2 2 2 2 2 2
left_child=5 8 3 -3 -4 6 13 -6 -2 11 -11 -8 -12 -1
right_child=1 2 4 -5 7 -7 9 -9 -10 10 12 -13 -14 -15
leaf_value=0.011486480899798042 -0.006601956577470606 -0.01297150891552875 -0.020930900084112709 0.02457928616182729 -0.00050423094492804514 0.023550466369863864 0.0056103786545022025 -0.019433691768270152 -0.027690134091047564 0.027382575816151423 0.0072792761069979195 -0.015422798911496784 -0.013518665852874808 -0.00092359655442028155
leaf_weight=147.85815611481667 56.340790048241615 23.819026127457619 47.231491401791573 51.960394650697708 758.6486544907093 26.239624246954918 40.897533386945724 27.650499224662781 35.971649080514908 24.083596304059029 47.6190145611763 89.383953422307968 48.012114837765694 81.45427730679512
leaf_count=614 236 100 205 219 3184 113 173 119 154 100 198 383 200 338
internal_value=-0.000587727 -0.00238362 -0.00107498 0.0127025 -0.00234665 0.00295921 0.00177589 -0.00119945 -0.0150764 -0.00307465 0.00313289 -0.00879341 -0.00314771 0.00707388
internal_weight=1507.17 1001.62 909.31 75.7794 833.531 505.548 479.309 786.299 92.3124 249.996 119.715 130.281 95.6311 229.312
internal_count=6336 4217 3827 319 3508 2119 2006 3303 390 1054 498 556 398 952
is_linear=0
shrinkage=0.03


Tree=78
num_leaves=15
num_cat=0
split_feature=80 58 58 72 19 14 14 73 80 47 38 60 16 71
split_gain=11.0652 11.2062 18.631 16.5946 14.499 16.4722 23.9923 10.7469 15.5805 12.1192 13.5208 22.0344 33.3445 15.7884
threshold=-2.3407077141553878 -2.934393770777882 -2.0730437138429134 0.13179875198114696 1.0000000180025095e-35 -1.6267974056545242 -3.3019967129940464 0.52238421192746953 0.44204693377841336 0.2585653701011853 0.58724690661319356 0.2092191235579775 1.036617596695822 0.14980354538137378
decision_type=2 2 2 2 2 2 2 2 2 2 2 2 2 2
left_child=-1 3 -3 4 5 6 -2 9 -9 10 11 12 -4 -12
right_child=1 2 7 -5 -6 -7 -8 8 -10 -11 13 -13 -14 -15
leaf_value=0.019092401345234458 0.0027772270798777188 0.023086600874123522 0.00063122744860672202 0.012220292847982395 -0.018506399004638845 0.012533162260947186 -0.029878141974707329 -0.02799233221493486 0.0040106332038488332 0.013889719620311509 0 0.011762201726784152 -0.023114958432855725 -0.030286011640010817
leaf_weight=25.692037090659142 49.455690160393715 31.790195941925049 832.77900552749634 36.543481141328812 89.754074394702911 41.490117400884628 32.860328882932663 27.847975894808769 25.232788860797882 59.149775862693787 34.817325443029404 143.1272936463356 55.834683820605278 26.891604036092758
leaf_count=112 209 138 3488 155 376 173 143 117 104 256 145 600 235 115
internal_value=-4.89924e-05 -0.000395212 0.0007735 -0.00617578 -0.00938689 -0.00264427 -0.0104068 0.000162796 -0.0129031 0.000779088 5.37181e-05 0.000879046 -0.000880075 -0.0134675
internal_weight=1513.27 1487.57 1237.47 250.104 213.56 123.806 82.316 1205.68 53.0808 1152.6 1093.45 1031.74 888.614 61.7089
internal_count=6366 6254 5198 1056 901 525 352 5060 221 4839 4583 4323 3723 260
is_linear=0
shrinkage=0.03


Tree=79
num_leaves=15
num_cat=0
split_feature=2 52 67 75 70 20 70 19 57 15 71 61 44 75
split_gain=12.78 17.3401 17.5052 17.0975 19.3591 16.2312 13.1043 12.9044 20.2225 12.3848 13.5146 18.7782 11.6742 11.6531
threshold=-0.014146836415676487 -0.55389253640803415 -0.28061600769397821 0.64003192222711025 1.1680824509018974 -0.21031773795327782 0.80490193461749493 0.1386817830810054 0.99892535496015356 10.041491525151802 -0.31403956056736454 0.032100295343578868 0.1399786425329084 0.55248995154954017
decision_type=2 2 2 2 2 2 2 2 2 2 2 2 2 2
left_child=3 6 -3 4 7 -6 13 12 -9 10 11 -4 -1 -2
right_child=1 2 9 -5 5 -7 -8 8 -10 -11 -12 -13 -14 -15
leaf_value=0.0028616025106263797 -0.0092783093812008159 0.017296811027643542 0.0033101627077001309 0.015561468123007195 -0.018846037188036624 0.0069509836835879137 -0.002577169255780594 -0.019083999279485241 0.015284489627460781 -0.021051366082329048 0.00054214995219965638 -0.032961239183411775 0.022424972779960868 -0.030334927390015504
leaf_weight=55.479743257164955 67.949529573321342 48.475111469626427 24.295943662524223 93.129008486866951 63.15355172753334 32.404913917183876 124.12857866287231 34.791256174445152 26.003517881035805 25.997430115938187 800.66642338037491 25.406265452504158 55.209663942456245 37.346170231699944
leaf_count=230 287 205 101 389 268 135 521 147 110 111 3369 111 230 162
internal_value=-0.000357176 -0.0018996 -6.00505e-05 0.00456503 0.000669573 -0.01007 -0.00926309 0.0067039 -0.00430142 -0.00104387 -0.000402911 -0.0154263 0.0127731 -0.0170041
internal_weight=1514.44 1154.27 924.841 360.172 267.043 95.5585 229.424 171.484 60.7948 876.366 850.369 49.7022 110.689 105.296
internal_count=6376 4867 3897 1509 1120 403 970 717 257 3692 3581 212 460 449
is_linear=0
shrinkage=0.03


Tree=80
num_leaves=15
num_cat=0
split_feature=58 58 58 78 58 14 58 57 58 75 53 54 38 55
split_gain=10.8136 9.38202 22.1088 21.7348 18.48 17.11 23.807 24.5063 15.6148 18.7114 19.8112 21.2285 20.9333 15.2583
threshold=-9.6396176939457163 -0.32662808948132693 -1.7214826067288247 1.0000000180025095e-35 -2.934393770777882 1.3627218035671189 -6.5474349446656008 -1.5582253030160762 0.47361284556607791 0.27580164701685617 0.11187415964236715 -0.14567256494154887 0.32958552620091647 0.97069521332611763
decision_type=2 2 2 2 2 2 2 2 2 2 2 2 2 2
left_child=-1 2 3 4 5 6 -2 -8 -3 -10 11 -11 -12 -7
right_child=1 8 -4 -5 -6 13 7 -9 9 10 12 -13 -14 -15
leaf_value=0.018617177030835919 0.0095627114007495739 0.011967277546451389 -0.01561678442904125 -0.024967367705926492 0.013234508984317212 -0.034030575866005719 0.0044428706287620977 -0.033276353147886351 0.013415997112316664 0.019368791271169018 0.03539281473239874 -0.0036317288578191121 0.00041612760925025861 -0.00099570055050527718
leaf_weight=27.525899320840836 121.43194523453712 114.29574912786484 104.90620997548103 27.845730915665627 95.499275103211403 24.69094942510128 32.275322064757347 28.162619844079018 86.831791162490845 36.964227318763733 25.345964074134827 727.69992071390152 37.764222681522369 25.354095339775085
leaf_count=114 520 478 441 118 402 101 137 118 370 153 110 3054 163 108
internal_value=0.000320473 -2.69949e-05 -0.00358617 0 0.00219325 -0.00237136 0.00190405 -0.0133157 0.00156238 0.000245543 -0.0011451 -0.00249015 0.0148664 -0.0177298
internal_weight=1516.59 1489.07 460.166 355.26 327.414 231.915 181.87 60.4379 1028.9 914.606 827.774 764.664 63.1102 50.045
internal_count=6387 6273 1945 1504 1386 984 775 255 4328 3850 3480 3207 273 209
is_linear=0
shrinkage=0.03


Tree=81
num_leaves=15
num_cat=0
split_feature=73 73 61 61 57 73 80 54 52 60 80 61 29 61
split_gain=11.4287 15.7478 15.6904 19.9058 18.5863 15.5207 15.0435 14.4074 14.3012 20.4682 19.6935 17.2862 15.8067 17.2602
threshold=0.52238421192746953 0.50429297913604143 0.062823552586681874 0.04085392905688303 -0.31193620164508901 0.50107804038989112 0.44204693377841336 0.18551017173876086 0.45088825311669634 0.11936290855530751 -0.44460014811208787 0.0073559794988022108 0.2861406740390095 -0.031198816188498176
decision_type=2 2 2 2 2 2 2 2 2 2 2 2 2 2
left_child=1 2 3 5 -4 8 -2 -3 10 11 -1 -10 13 -11
right_child=6 7 4 -5 -6 -7 -8 -9 9 12 -12 -13 -14 -15
leaf_value=-0.0064302562863638975 -0.027648140491916849 0.011019635388171784 -0.0039166111342476455 -0.014653259857261921 0.023287702746668856 -0.01205604867889108 0.00312177978079558 -0.0073177330473059663 -0.023985371296886462 -0.0046559721863989531 0.0055807412006126369 0.0013936297767372567 -0.018714209412696584 0.019569560054629957
leaf_weight=158.19013907015324 29.121116369962692 199.67852036654949 39.908117592334747 97.452006384730339 49.675560563802719 94.268195569515228 26.428989127278328 46.682661339640617 70.167911157011986 51.881054729223251 535.01076865196228 35.913271442055702 24.78940837085247 51.91798797249794
leaf_count=665 124 841 171 409 215 397 109 197 304 223 2244 152 103 217
internal_value=9.58307e-05 0.00061246 -0.000794435 -0.00176809 0.0112095 -0.000522078 -0.0131329 0.00751118 0.000656603 -0.00572329 0.00282801 -0.0154186 0.00229759 0.00748928
internal_weight=1511.09 1455.54 1209.17 1119.59 89.5837 1022.14 55.5501 246.361 927.871 234.67 693.201 106.081 128.588 103.799
internal_count=6371 6138 5100 4714 386 4305 233 1038 3908 999 2909 456 543 440
is_linear=0
shrinkage=0.03


Tree=82
num_leaves=15
num_cat=0
split_feature=72 12 46 67 12 70 37 15 67 50 75 75 3 50
split_gain=12.7748 19.3939 15.9669 15.0245 17.2081 19.3621 10.96 14.5461 17.3522 18.5055 14.8558 29.7858 24.274 15.099
threshold=-0.11132257852499884 -0.78706835634377259 -0.26861627713283814 -0.23012727255842411 -1.4393957699303488 0.80823288862507814 -0.11648862334468228 0.27951615009323522 0.068692839594032343 -6.6263367767914678 0.48991410401546204 0.47209307525796373 -0.020461533429182662 -1.4270637405391715
decision_type=2 2 2 2 2 2 2 2 2 2 2 2 2 2
left_child=1 -1 -2 4 -4 -6 -5 10 -9 -10 11 13 -12 -8
right_child=2 -3 3 6 5 -7 7 8 9 -11 12 -13 -14 -15
leaf_value=0.0047722776045770899 -0.020021530623600157 -0.016706238872522844 -0.0075909757326316964 0.0109570769221112 0.00019940042519285485 0.029267170467117503 0.003644351888466158 0.014565936896350277 0.021745984194126797 -0.00054863578835887743 0.0047089075845124177 0.028050303714773742 -0.019111512887498586 -0.013325278703435495
leaf_weight=63.67247961461544 29.881455510854721 90.059078887104988 29.437869891524315 87.264583677053452 33.077082142233849 55.258239656686783 104.87187676131725 92.377022206783295 34.488347545266151 595.58311605453491 56.658265203237534 29.460402220487595 115.29073745012283 83.91261351108551
leaf_count=267 133 385 121 366 142 233 439 385 154 2499 238 121 501 347
internal_value=0.000352664 -0.00780784 0.00129206 0.00179363 0.0119746 0.0185572 0.000781457 -2.16989e-05 0.00249437 0.000697104 -0.00468619 0.000496129 -0.0112547 -0.00390522
internal_weight=1501.29 153.732 1347.56 1317.68 117.773 88.3353 1199.91 1112.64 722.448 630.071 390.194 218.245 171.949 188.784
internal_count=6331 652 5679 5546 496 375 5050 4684 3038 2653 1646 907 739 786
is_linear=0
shrinkage=0.03


Tree=83
num_leaves=15
num_cat=0
split_feature=72 59 5 72 14 15 58 71 71 71 69 59 67 58
split_gain=12.4102 17.1599 11.2492 11.5359 23.2208 10.6424 10.4466 12.6164 12.338 17.7085 13.2482 10.1433 9.08723 8.62276
threshold=0.29847517360654569 1.6545165166492717 0.4690592048525149 -0.15884829921855248 -3.6792073793860207 0.63388894471233515 4.5118782100143973 -0.4846550338621502 -0.31403956056736454 -0.22451338828593428 1.0000000180025095e-35 -0.64883593818996654 0.091937678781334145 4.1270274687751325
decision_type=2 2 2 2 2 2 2 2 2 2 2 2 2 2
left_child=1 2 5 4 -4 -1 7 -5 11 10 -10 -9 -8 -11
right_child=-2 -3 3 6 -6 -7 12 8 9 13 -12 -13 -14 -15
leaf_value=-0.014281175022593203 -0.018389092338730619 0.018151345767798761 0.0046074956357374788 0.022675092900913817 -0.030149466610991934 0.0015678575977975449 0.00072332258895150203 -0.02555761854345116 0.021925089348422279 -8.8888868003481239e-06 -0.0027325930449057481 -0.0019322160064710345 -0.024052137281354125 0.010826946693819133
leaf_weight=96.225688695907593 32.745526865124702 44.481813877820969 36.443692952394485 24.19720670580864 31.239728897809982 61.654723629355431 25.336981996893883 25.64979849755764 64.096029922366142 885.54490678012371 27.335285767912865 44.017100781202316 26.200626119971275 70.353793561458588
leaf_count=416 142 198 151 102 138 261 106 110 271 3715 115 186 110 297
internal_value=-0.000402398 9.46342e-06 -0.000568736 0.000375816 -0.0115747 -0.00809265 0.00106686 0.00167111 0.00119221 0.0020127 0.0145547 -0.0109328 -0.0120044 0.000794403
internal_weight=1495.52 1462.78 1418.3 1260.42 67.6834 157.88 1192.73 1141.19 1117 1047.33 91.4313 69.6669 51.5376 955.899
internal_count=6318 6176 5978 5301 289 677 5012 4796 4694 4398 386 296 216 4012
is_linear=0
shrinkage=0.03


end of trees

feature_importances:
Column_72=109
Column_71=90
Column_75=89
Column_58=57
Column_80=49
Column_15=41
Column_14=40
Column_57=39
Column_73=39
Column_59=38
Column_50=34
Column_52=34
Column_54=34
Column_38=33
Column_67=33
Column_61=32
Column_46=30
Column_19=27
Column_53=27
Column_70=24
Column_29=23
Column_60=23
Column_51=22
Column_74=18
Column_55=17
Column_18=14
Column_17=13
Column_36=13
Column_45=13
Column_2=11
Column_47=11
Column_56=10
Column_13=9
Column_20=9
Column_4=8
Column_3=7
Column_16=7
Column_44=7
Column_11=6
Column_12=6
Column_37=5
Column_21=4
Column_69=4
Column_5=3
Column_34=3
Column_1=2
Column_10=2
Column_35=2
Column_39=2
Column_30=1
Column_68=1
Column_78=1

parameters:
[boosting: gbdt]
[objective: binary]
[metric: binary_logloss]
[tree_learner: serial]
[device_type: cpu]
[data_sample_strategy: bagging]
[data: ]
[valid: ]
[num_iterations: 800]
[learning_rate: 0.03]
[num_leaves: 15]
[num_threads: 22]
[seed: 20260813]
[deterministic: 0]
[force_col_wise: 0]
[force_row_wise: 0]
[histogram_pool_size: -1]
[max_depth: -1]
[min_data_in_leaf: 100]
[min_sum_hessian_in_leaf: 0.001]
[bagging_fraction: 0.8]
[pos_bagging_fraction: 1]
[neg_bagging_fraction: 1]
[bagging_freq: 1]
[bagging_seed: 17405]
[bagging_by_query: 0]
[feature_fraction: 0.75]
[feature_fraction_bynode: 1]
[feature_fraction_seed: 9721]
[extra_trees: 0]
[extra_seed: 13549]
[early_stopping_round: 0]
[early_stopping_min_delta: 0]
[first_metric_only: 0]
[max_delta_step: 0]
[lambda_l1: 0.15]
[lambda_l2: 1]
[linear_lambda: 0]
[min_gain_to_split: 0]
[drop_rate: 0.1]
[max_drop: 50]
[skip_drop: 0.5]
[xgboost_dart_mode: 0]
[uniform_drop: 0]
[drop_seed: 11866]
[top_rate: 0.2]
[other_rate: 0.1]
[min_data_per_group: 100]
[max_cat_threshold: 32]
[cat_l2: 10]
[cat_smooth: 10]
[max_cat_to_onehot: 4]
[top_k: 20]
[monotone_constraints: ]
[monotone_constraints_method: basic]
[monotone_penalty: 0]
[feature_contri: ]
[forcedsplits_filename: ]
[refit_decay_rate: 0.9]
[cegb_tradeoff: 1]
[cegb_penalty_split: 0]
[cegb_penalty_feature_lazy: ]
[cegb_penalty_feature_coupled: ]
[path_smooth: 0]
[interaction_constraints: ]
[verbosity: -1]
[saved_feature_importance_type: 0]
[use_quantized_grad: 0]
[num_grad_quant_bins: 4]
[quant_train_renew_leaf: 0]
[stochastic_rounding: 1]
[linear_tree: 0]
[max_bin: 255]
[max_bin_by_feature: ]
[min_data_in_bin: 3]
[bin_construct_sample_cnt: 200000]
[data_random_seed: 4736]
[is_enable_sparse: 1]
[enable_bundle: 1]
[use_missing: 1]
[zero_as_missing: 0]
[feature_pre_filter: 1]
[pre_partition: 0]
[two_round: 0]
[header: 0]
[label_column: ]
[weight_column: ]
[group_column: ]
[ignore_column: ]
[categorical_feature: ]
[forcedbins_filename: ]
[precise_float_parser: 0]
[parser_config_file: ]
[objective_seed: 16743]
[num_class: 1]
[is_unbalance: 0]
[scale_pos_weight: 1]
[sigmoid: 1]
[boost_from_average: 1]
[reg_sqrt: 0]
[alpha: 0.9]
[fair_c: 1]
[poisson_max_delta_step: 0.7]
[tweedie_variance_power: 1.5]
[lambdarank_truncation_level: 30]
[lambdarank_norm: 1]
[label_gain: ]
[lambdarank_position_bias_regularization: 0]
[eval_at: ]
[multi_error_top_k: 1]
[auc_mu_weights: ]
[num_machines: 1]
[local_listen_port: 12400]
[time_out: 120]
[machine_list_filename: ]
[machines: ]
[gpu_platform_id: -1]
[gpu_device_id: -1]
[gpu_use_dp: 0]
[num_gpu: 1]

end of parameters

pandas_categorical:null
